country_year,country,year,electexec,electleg,electboth,v2xel_elecpres,v2xel_elecparl,AF.el_rating,PEI.el_rating,VDEM.el_rating,PEI.EMB_cap,VDEM.EMB_cap,PEI.protest,VDEM.turnout,VDEM.VAP_turnout,nelda17,nelda18,nelda11,nelda45,nelda46,nelda3,nelda4,nelda5,nelda29,nelda30,POLITY5.fragment,POLITY5.polity2,POLITY5.durable,POLITY5.parcomp,FH.fh_total,WB.GDP_ppc,WB.FDI,WB.inflation,WB.gini,WB.urban_pop,literacy_imputed,VDEM.yrs_education,press_freedom,VDEM.elec_viol,VDEM.international_monitors_present,VDEM.access_to_public_services_social_group,VDEM.access_to_public_services_pol_group,VDEM.regime_support_by_an_ethnic_group,VDEM.is_an_ethnic_group_the_most_powerful_regime_support_group,VDEM.is_an_ethnic_group_the_most_powerful_regime_duration_group,after_non_violent_number_of_events,after_non_violent_number_of_fatalities,after_violent_number_of_events,after_violent_number_of_fatalities,before_non_violent_number_of_events,before_non_violent_number_of_fatalities,before_violent_number_of_events,before_violent_number_of_fatalities,on_date_non_violent_number_of_events,on_date_non_violent_number_of_fatalities,on_date_violent_number_of_events,on_date_violent_number_of_fatalities,events_before,events_after,fatilities_before,fatilities_after,change_in_events,change_in_fatalities,change_in_violent_events,change_in_non_violent_events,change_in_violent_fatalities,change_in_non_violent_fatalities
Algeria-2002,Algeria,2002,No,Yes,No,0,1,NA,NA,1.053,NA,2.752,NA,46.17,45.08,1,0,1,0,NA,1,1,1,1,1,0,-3,7,3,11,3297.61281111413,1064960000,1.41830192345045,NA,61.501,69.8734970092773,6.62,33,3.614,0,1.288,0.862,0,0,0,1,0,66,301,6,0,62,292,0,0,2,1,68,67,292,301,-0.014705882352941124,0.03082191780821919,0.06451612903225801,-0.8333333333333334,0.03082191780821919,NA
Algeria-2004,Algeria,2004,Yes,No,No,1,0,NA,NA,1.37,NA,2.752,NA,58.07,53.6,1,0,0,1,1,1,1,1,1,NA,0,2,0,3,11,3592.64530104949,884749028,3.96180030257191,NA,63.061,72.648681640625,6.79,40.33,3.62,1,1.288,0.862,0,0,0,6,0,40,61,3,0,21,10,0,0,10,0,24,46,10,61,0.9166666666666667,5.1,0.9047619047619047,1,5.1,NA
Algeria-2007,Algeria,2007,No,Yes,No,0,1,NA,NA,1.694,NA,2.752,NA,35.51,32.02,0,0,1,0,NA,1,1,1,0,NA,0,2,3,3,11,3828.14847629173,1686736539.70385,3.67899574741703,NA,65.348,75.1360473632813,7.045,31.33,3.121,0,1.288,0.862,0,0,0,0,0,90,160,3,0,93,217,0,0,0,0,96,90,217,160,-0.0625,-0.2626728110599078,-0.032258064516129004,-1,-0.2626728110599078,NA
Algeria-2009,Algeria,2009,Yes,No,No,1,0,NA,NA,1.548,NA,2.752,NA,74.56,65.86,0,0,1,1,0,1,1,1,1,1,0,2,5,3,11,3851.21377722335,2746930734.16534,5.73706036145632,NA,66.826,81.4078369140625,7.215,47.33,2.767,1,1.288,0.862,0,0,0,16,0,62,189,6,0,44,117,0,0,1,0,50,78,117,189,0.56,0.6153846153846154,0.40909090909090917,1.6666666666666665,0.6153846153846154,NA
Algeria-2012,Algeria,2012,No,Yes,No,0,1,NA,NA,1.737,NA,2.752,NA,43.14,38.7,1,0,1,1,1,1,1,1,0,NA,0,2,8,3,11,4012.36150559795,1500402452.8635,8.89145091062314,NA,68.915,81.4078369140625,7.3,36.54,2.77,1,1.288,0.862,0,0,0,14,0,47,53,4,0,34,87,0,0,1,0,38,61,87,53,0.605263157894737,-0.3908045977011494,0.38235294117647056,2.5,-0.3908045977011494,NA
Algeria-2014,Algeria,2014,NA,NA,NA,1,0,NA,3.75,1.593,35.15625,2.368,48.75,49.42,43.57,0,0,1,1,1,1,1,1,1,1,0,2,10,3,11,4112.07602394229,1502206170.55838,2.91692692067457,NA,70.221,81.4078369140625,7.3,36.63,2.892,1,1.288,0.862,0,0,0,12,0,32,68,59,2,70,76,0,0,6,0,129,44,78,68,-0.6589147286821706,-0.1282051282051282,-0.5428571428571429,-0.7966101694915254,-0.10526315789473684,-1
Algeria-2017,Algeria,2017,NA,NA,NA,0,1,NA,4.1666665,1.613,36.822918,2.255,49.244793,37.09,31.65,0,1,1,NA,NA,1,1,1,0,NA,0,2,13,3,11,4192.33769222334,1230243450.87889,5.59111590961673,NA,72.052,81.4078369140625,7.3,42.83,2.903,1,1.288,0.862,0,0,0,62,0,37,45,46,0,40,54,1,0,18,1,86,99,54,45,0.15116279069767447,-0.16666666666666663,-0.07499999999999996,0.34782608695652173,-0.16666666666666663,NA
Algeria-2019,Algeria,2019,NA,NA,NA,1,0,NA,NA,1.374,NA,0.867,NA,39.88,34.86,NA,0,1,0,NA,1,1,1,1,1,NA,NA,NA,NA,11,4115.39553969777,1381200049.59264,1.95176821052894,NA,73.189,81.4078369140625,7.3,45.75,2.015,0,1.144,0.862,0,0,0,NA,NA,NA,NA,NA,NA,NA,NA,NA,NA,NA,NA,NA,NA,NA,NA,NA,NA,NA,NA,NA,NA
Algeria-2021,Algeria,2021,NA,NA,NA,0,1,NA,NA,1.688,NA,1.546,NA,23.03,19.53,NA,NA,NA,NA,NA,NA,NA,NA,NA,NA,NA,NA,NA,NA,NA,NA,NA,NA,NA,NA,NA,7.3,47.26,2.778,0,1,1.209,NA,0,0,NA,NA,NA,NA,NA,NA,NA,NA,NA,NA,NA,NA,NA,NA,NA,NA,NA,NA,NA,NA,NA,NA
Angola-2008,Angola,2008,No,Yes,No,0,1,NA,NA,1.781,NA,1.413,NA,87.36,92.42,1,0,1,1,1,1,1,1,0,NA,0,-2,11,4,11,4077.77684411643,1678971010,12.4758291326398,42.7,58.282,66.0301132202148,2.862,36.5,3.073,1,-0.34,-0.002,0.125,0,0,0,0,2,0,0,0,1,7,0,0,0,0,1,2,7,0,1,-1,1,NA,-1,NA
Angola-2012,Angola,2012,NA,NA,NA,0,1,NA,NA,1.808,34.659092,1.454,43.69318,62.75,71.58,0,1,1,1,0,1,1,1,NA,NA,0,-2,15,4,11,4167.12579657488,-1464627990.88284,10.2779049218839,NA,61.268,66.0301132202148,2.98,37.8,3.181,1,-0.223,-0.002,0.125,0,0,2,0,1,4,4,0,2,2,0,0,0,0,6,3,2,4,-0.5,1,-0.5,-0.5,1,NA
Angola-2017,Angola,2017,NA,NA,NA,0,1,NA,4.25,1.873,40.104168,1.497,49.088543,71.59,53.07,0,0,1,1,0,1,1,1,1,1,0,-2,20,4,12,3790.7915654469102,-7397295409.18991,29.8435866918797,NA,64.839,66.0301132202148,2.98,40.42,3.231,1,-0.223,-0.002,0.125,0,0,3,0,8,3,14,0,19,11,0,0,2,0,33,11,11,3,-0.6666666666666667,-0.7272727272727273,-0.5789473684210527,-0.7857142857142857,-0.7272727272727273,NA
Benin-2001,Benin,2001,Yes,No,No,1,0,NA,NA,2.756,NA,2.044,NA,87.74,86.3,0,0,1,1,1,1,1,1,0,NA,0,6,10,4,5,925.716073006309,16739539.3415636,3.98429547767895,NA,38.65,34.6578483581543,2.386,6,3.201,1,0.476,1.439,0.125,0,0,0,0,0,0,0,0,1,0,0,0,0,0,1,0,0,0,-1,NA,-1,NA,NA,NA
Benin-2003,Benin,2003,No,Yes,No,0,1,NA,NA,2.68,NA,2.044,NA,55.9,52.2,0,0,1,0,NA,1,1,1,0,NA,0,6,12,4,4,942.918587867681,10638088.2576383,1.48724246145442,38.6,39.536,28.7021102905273,2.498,5.5,3.551,0,0.476,1.439,0.125,0,0,1,0,1,0,0,0,0,0,0,0,0,0,0,2,0,0,NA,NA,NA,NA,NA,NA
Benin-2006,Benin,2006,Yes,No,No,1,0,NA,NA,3.327,NA,2.922,NA,81.7,87.17,0,0,0,1,1,1,1,1,0,NA,0,7,15,4,4,952.831227239232,-12363482.3642044,3.78217696540374,NA,41.049,28.7021102905273,2.666,17,3.72,1,0.476,1.439,0.125,0,0,NA,NA,NA,NA,NA,NA,NA,NA,NA,NA,NA,NA,NA,NA,NA,NA,NA,NA,NA,NA,NA,NA
Benin-2007,Benin,2007,No,Yes,No,0,1,NA,NA,3.286,NA,2.9,NA,58.69,61.83,1,0,1,1,1,1,1,1,0,NA,0,7,16,4,4,981.455745386847,139189943.015454,1.29806813334154,NA,41.558,32.9488182067871,2.722,15,3.547,1,0.476,1.439,0.125,0,0,0,0,2,2,0,0,1,0,0,0,0,0,1,2,0,2,1,NA,1,NA,NA,NA
Benin-2011,Benin,2011,No,No,No,1,1,6.707,NA,2.801,NA,2.9,NA,84.82,68.39,0,0,0,1,1,1,1,1,1,1,0,7,20,4,4,989.767354468482,161302390.821902,2.70423907747279,43.4,43.608,32.9488182067871,2.89,NA,3.56,1,0.856,1.439,0.125,0,0,2,0,2,0,4,0,1,0,0,0,0,0,5,4,0,0,-0.19999999999999996,NA,1,-0.5,NA,NA
Benin-2015,Benin,2015,NA,NA,NA,0,1,NA,7.75,3.426,87.5,3.478,79.6875,65.91,56.69,1,0,0,1,1,1,1,1,0,NA,0,7,24,4,4,1076.79669785585,149755663.330268,0.218785923536177,47.8,45.695,42.3624000549316,2.89,28.97,3.358,1,0.856,1.439,0.125,0,0,0,0,3,2,2,0,2,1,1,0,0,0,4,3,1,2,-0.25,1,0.5,-1,1,NA
Benin-2016,Benin,2016,NA,NA,NA,1,0,7.2038,8.714286,3.534,86.60714,3.517,75.08929,66.13,58.35,0,0,0,1,0,1,1,1,0,NA,0,7,25,4,4,1082.4512883575,131790853.840786,-0.794050173906725,NA,46.229,42.3624000549316,2.89,NA,3.66,1,0.856,1.439,0.125,0,0,1,0,2,4,0,0,1,1,0,0,0,0,1,3,1,4,2,3,1,NA,3,NA
Benin-2019,Benin,2019,NA,NA,NA,0,1,NA,NA,1.253,NA,3.249,NA,22.99,19.23,1,0,1,1,0,0,1,1,1,0,NA,NA,NA,NA,6,1201.56138386125,218207871.715646,-0.70502663454275,NA,47.861,42.3624000549316,2.89,31.74,1.328,1,0.856,1.439,0.125,0,0,NA,NA,NA,NA,NA,NA,NA,NA,NA,NA,NA,NA,NA,NA,NA,NA,NA,NA,NA,NA,NA,NA
Benin-2021,Benin,2021,NA,NA,NA,1,0,NA,NA,1.736,NA,3.249,NA,50.63,44.39,NA,NA,NA,NA,NA,NA,NA,NA,NA,NA,NA,NA,NA,NA,NA,NA,NA,NA,NA,NA,NA,2.89,38.18,1.099,1,0.856,1.439,NA,0,0,NA,NA,NA,NA,NA,NA,NA,NA,NA,NA,NA,NA,NA,NA,NA,NA,NA,NA,NA,NA,NA,NA
Botswana-2004,Botswana,2004,No,Yes,No,0,1,NA,NA,3.685,NA,3.533,NA,76.2,44,1,0,0,1,0,1,1,1,0,NA,0,8,38,4,4,4859.62896275333,390889251.855271,6.94570363654673,NA,55.488,86.8231811523438,9.423,14,3.882,1,1.897,1.275,0,0,0,1,0,0,0,2,0,1,0,0,0,0,0,3,1,0,0,-0.6666666666666667,NA,-1,-0.5,NA,NA
Botswana-2009,Botswana,2009,No,Yes,No,0,1,NA,NA,3.662,NA,3.435,NA,76.71,62.2,0,1,0,1,1,1,1,1,0,NA,0,8,43,4,5,5286.57491795748,208699298.206302,8.02729703109583,60.5,60.937,86.8231811523438,9.811,17.5,3.908,1,1.897,1.493,0.111,0,0,NA,NA,NA,NA,NA,NA,NA,NA,NA,NA,NA,NA,NA,NA,NA,NA,NA,NA,NA,NA,NA,NA
Botswana-2014,Botswana,2014,NA,NA,NA,0,1,7.0472,7.6,3.562,74.645836,3.435,76.895836,84.75,55.09,1,0,0,1,1,1,1,1,0,NA,0,8,48,4,5,6895.57441329798,515184471.01724,4.40225309243433,NA,66.368,86.8231811523438,9.889,22.91,3.586,1,1.897,1.493,0.111,0,0,2,0,1,0,1,0,0,0,0,0,0,0,1,3,0,0,2,NA,NA,1,NA,NA
Botswana-2019,Botswana,2019,NA,NA,NA,1,1,NA,NA,2.629,NA,3.389,NA,83.14,53.24,0,0,0,1,0,1,1,1,0,NA,NA,NA,NA,NA,5,7027.04535665129,93607130.0326021,2.7728644286333,NA,70.172,86.8231811523438,9.889,25.09,3.851,1,2.023,1.493,0,0,0,NA,NA,NA,NA,NA,NA,NA,NA,NA,NA,NA,NA,NA,NA,NA,NA,NA,NA,NA,NA,NA,NA
Burkina Faso-2002,Burkina Faso,2002,No,Yes,No,0,1,NA,NA,2.36,NA,2.206,NA,64.14,33.47,0,1,0,1,1,1,1,1,0,NA,0,0,1,4,8,462.265599178223,15026083.66,2.17569480664608,NA,19.258,21.8229198455811,0.993,18,3.542,1,1.046,1.593,0.143,0,0,NA,NA,NA,NA,NA,NA,NA,NA,NA,NA,NA,NA,NA,NA,NA,NA,NA,NA,NA,NA,NA,NA
Burkina Faso-2005,Burkina Faso,2005,Yes,No,No,1,0,NA,NA,2.706,NA,2.206,NA,57.66,36.4,0,0,0,1,1,1,1,1,0,NA,0,0,4,4,8,518.167867222496,52130040.8814284,6.41504018369687,NA,21.537,23.5221996307373,1.156,16,3.605,1,1.046,1.593,0.143,0,0,3,0,0,0,2,0,0,0,0,0,0,0,2,3,0,0,0.5,NA,NA,0.5,NA,NA
Burkina Faso-2007,Burkina Faso,2007,NA,NA,NA,0,1,NA,NA,2.7,NA,2.206,NA,56.43,37.93,1,0,0,0,NA,1,1,1,0,NA,0,0,6,4,8,539.820017460504,21711800.9008661,-0.230627306273007,NA,22.996,28.2936592102051,1.265,13,3.607,0,1.046,1.593,0.143,0,0,NA,NA,NA,NA,NA,NA,NA,NA,NA,NA,NA,NA,NA,NA,NA,NA,NA,NA,NA,NA,NA,NA
Burkina Faso-2010,Burkina Faso,2010,Yes,No,No,1,0,NA,NA,2.873,NA,2.206,NA,54.82,23,1,0,0,1,0,1,1,1,0,NA,0,0,9,4,8,582.415734139013,38870701.3569488,-0.764230734676734,NA,24.633,34.5993995666504,1.428,NA,3.629,1,1.107,1.593,0.143,0,0,2,0,1,0,0,0,0,0,0,0,0,0,0,3,0,0,NA,NA,NA,NA,NA,NA
Burkina Faso-2012,Burkina Faso,2012,No,Yes,No,0,1,NA,NA,3.073,47.916668,2.233,39.583332,75.96,39.67,0,0,0,NA,NA,1,1,1,0,NA,0,0,11,4,8,622.519711182775,329281976.028321,3.81815240252386,NA,25.767,34.5993995666504,1.428,23.7,3.579,1,1.107,1.593,0.143,0,0,9,0,6,17,14,0,3,0,0,0,0,0,17,15,0,17,-0.11764705882352944,NA,1,-0.3571428571428571,NA,NA
Burkina Faso-2015,Burkina Faso,2015,NA,NA,NA,1,1,NA,8.222222,3.447,82.43056,2.564,81.5625,60,36.4,0,0,1,1,1,1,1,1,0,NA,0,6,0,4,7,653.32726813947,231901703.683869,0.724838981070599,NA,27.53,39.3458518981934,1.428,22.66,3.614,1,1.107,1.593,0.101,0,0,9,0,12,41,20,0,28,18,0,0,0,0,48,21,18,41,-0.5625,1.2777777777777777,-0.5714285714285714,-0.55,1.2777777777777777,NA
Burkina Faso-2020,Burkina Faso,2020,NA,NA,NA,1,1,NA,NA,3.343,NA,3.048,NA,50.79,28.88,0,1,1,1,0,1,1,1,0,NA,NA,NA,NA,NA,8,731.522070723226,148555726.3,1.88470066518846,NA,30.607,39.3458518981934,1.428,23.47,3.57,1,1.23,1.762,0,0,0,NA,NA,NA,NA,NA,NA,NA,NA,NA,NA,NA,NA,NA,NA,NA,NA,NA,NA,NA,NA,NA,NA
Burundi-2005,Burundi,2005,Yes,Yes,Yes,0,1,NA,NA,2.821,NA,2.992,NA,77.23,70.39,1,0,0,1,0,1,1,1,0,NA,0,6,0,4,8,295.737164631454,584701.692574561,13.2520699188223,NA,9.375,48.0840606689453,2.15,39.83,2.566,1,1.964,0.179,0.263,0,0,0,0,45,493,3,0,43,486,0,0,0,0,46,45,486,493,-0.021739130434782594,0.014403292181069949,0.04651162790697683,-1,0.014403292181069949,NA
Burundi-2010,Burundi,2010,No,No,No,1,1,NA,NA,1.161,NA,2.905,NA,76.98,58.69,0,0,1,1,1,1,1,0,1,1,0,6,5,4,10,313.311817914094,780582.003631939,6.49326591473996,NA,10.642,61.5134887695313,2.331,NA,1.849,1,2.036,0.292,0.429,0,0,0,0,28,95,5,0,78,94,0,0,2,0,83,28,94,95,-0.6626506024096386,0.010638297872340496,-0.641025641025641,-1,0.010638297872340496,NA
Burundi-2015,Burundi,2015,NA,NA,NA,1,1,NA,1.75,0.177,24.570312,2.751,32.5,74.32,55.53,0,1,1,1,1,1,1,1,0,NA,0,-1,0,3,13,305.549652502657,49622865.7705811,5.54468891259786,NA,12.078,68.3753280639648,2.331,54.1,0.089,1,2.036,0.292,0.429,0,0,156,0,624,472,281,4,1062,331,3,0,3,1,1343,780,335,472,-0.419210722263589,0.4089552238805969,-0.4124293785310734,-0.44483985765124556,0.42598187311178237,-1
Burundi-2020,Burundi,2020,NA,NA,NA,1,1,NA,NA,0.463,NA,3.097,NA,87.71,76.49,0,1,1,0,NA,1,1,1,1,1,NA,NA,NA,NA,13,270.691448734808,6057090.38,7.32110643415513,NA,13.708,68.3753280639648,2.331,55.33,1.211,0,1.509,0.267,0.5,1,0,NA,NA,NA,NA,NA,NA,NA,NA,NA,NA,NA,NA,NA,NA,NA,NA,NA,NA,NA,NA,NA,NA
Cameroon-2002,Cameroon,2002,No,Yes,No,0,1,NA,NA,1.183,NA,0.682,NA,65.66,36.89,1,0,1,1,1,1,1,1,0,NA,0,-5,12,2,12,1143.98535454014,505256043.293607,2.83442260128067,NA,46.738,70.6799392700195,4.748,30.5,2.646,1,1.134,-0.025,0.2,0,0,0,0,0,0,0,0,1,4,0,0,0,0,1,0,4,0,-1,-1,-1,NA,-1,NA
Cameroon-2004,Cameroon,2004,Yes,No,No,1,0,NA,NA,1.194,NA,0.884,NA,79.52,45.28,1,0,1,1,1,1,1,1,0,NA,0,-5,14,2,12,1223.93422880138,67984855.6422292,0.233647380067603,NA,47.94,70.6799392700195,4.836,20.5,2.407,1,1.134,-0.025,0.2,0,0,1,0,0,0,3,0,3,1,0,0,0,0,6,1,1,0,-0.8333333333333334,-1,-1,-0.6666666666666667,-1,NA
Cameroon-2007,Cameroon,2007,No,Yes,No,0,1,NA,NA,1.138,NA,0.884,NA,62.01,34.51,1,0,1,1,1,1,1,1,0,NA,0,-4,15,3,12,1248.66259859339,189581294.625153,0.921402245650111,42.8,49.746,70.6799392700195,4.968,36.9,2.237,1,1.134,-0.025,0.167,0,0,0,0,1,3,0,0,5,18,0,0,0,0,5,1,18,3,-0.8,-0.8333333333333334,-0.8,NA,-0.8333333333333334,NA
Cameroon-2011,Cameroon,2011,Yes,No,No,1,0,3.88686,NA,1.431,NA,1.323,NA,68.28,50.25,1,0,1,1,1,1,1,1,0,NA,0,-4,19,3,12,1255.4772399485,653266626.571786,2.93969946305094,NA,52.164,77.0710372924805,5.1,NA,2.602,1,1.134,-0.025,0.333,0,0,3,0,3,2,0,0,3,5,0,0,0,0,3,6,5,2,1,-0.6,0,NA,-0.6,NA
Cameroon-2013,Cameroon,2013,NA,NA,NA,0,1,NA,6,1.899,62.5,1.323,51.614582,76.79,37.55,1,0,0,1,1,1,1,1,0,NA,0,-4,21,3,12,1306.02747811535,547404749.757182,2.05908683974933,NA,53.373,77.0710372924805,5.1,38.13,2.835,1,1.134,-0.025,0.333,0,0,0,0,7,9,5,0,9,3,0,0,0,0,14,7,3,9,-0.5,2,-0.2222222222222222,-1,2,NA
Cameroon-2018,Cameroon,2018,NA,NA,NA,1,0,NA,3.2222223,0.942,38.194443,1.031,29.618055,53.5,29.06,1,0,1,1,0,1,1,1,1,1,1,-4,26,3,12,1437.27153388392,765092012.778526,1.0742994515814,NA,56.374,77.0710372924805,5.1,40.92,1.107,1,1.134,-0.025,0.333,0,0,35,0,192,488,36,0,207,542,0,0,6,3,243,227,542,488,-0.06584362139917699,-0.09963099630996308,-0.07246376811594202,-0.02777777777777779,-0.09963099630996308,NA
Cameroon-2020,Cameroon,2020,NA,NA,NA,0,1,NA,NA,1.102,NA,1.031,NA,43.79,23.24,NA,NA,1,1,0,1,1,1,0,NA,NA,NA,NA,NA,12,1419.67671120992,675186993.65287,2.43760882182242,NA,57.56,77.0710372924805,5.1,43.28,1.071,1,0.373,-0.327,0.333,0,0,NA,NA,NA,NA,NA,NA,NA,NA,NA,NA,NA,NA,NA,NA,NA,NA,NA,NA,NA,NA,NA,NA
Cape Verde-2001,Cape Verde,2001,NA,NA,NA,1,1,NA,NA,3.687,NA,2.875,NA,58.94,71.69,0,1,0,0,NA,1,1,1,0,NA,0,10,10,5,NA,1983.29755839124,9010186.20568656,3.34996472317896,52.5,54.291,85.3277893066406,NA,NA,3.905,0,-0.384,1.11,0,0,0,NA,NA,NA,NA,NA,NA,NA,NA,NA,NA,NA,NA,NA,NA,NA,NA,NA,NA,NA,NA,NA,NA
Cape Verde-2006,Cape Verde,2006,NA,NA,NA,1,1,NA,NA,3.75,NA,2.875,NA,54.18,79.98,1,0,0,1,0,1,1,1,0,NA,0,10,15,5,NA,2569.19219550195,131539968.034584,5.36907687065552,NA,58.529,85.3277893066406,NA,NA,3.866,0,-0.384,1.11,0,0,0,NA,NA,NA,NA,NA,NA,NA,NA,NA,NA,NA,NA,NA,NA,NA,NA,NA,NA,NA,NA,NA,NA
Cape Verde-2011,Cape Verde,2011,NA,NA,NA,1,1,NA,NA,3.761,NA,3.101,NA,76.01,86.18,0,0,0,1,1,1,1,1,0,NA,0,10,20,5,NA,3091.22295968491,102246382.223796,4.47388342165027,NA,62.322,85.3277893066406,NA,NA,3.863,1,-0.384,1.11,0,0,0,NA,NA,NA,NA,NA,NA,NA,NA,NA,NA,NA,NA,NA,NA,NA,NA,NA,NA,NA,NA,NA,NA
Cape Verde-2016,Cape Verde,2016,NA,NA,NA,1,1,NA,8.625,3.873,78.90625,3.109,77.34375,65.93,64.47,1,0,0,1,0,1,1,1,0,NA,0,10,25,5,NA,3147.8374430422,126312006.101645,-1.40781637091703,NA,64.784,86.7902908325195,NA,NA,3.903,1,-0.384,1.11,0,0,0,NA,NA,NA,NA,NA,NA,NA,NA,NA,NA,NA,NA,NA,NA,NA,NA,NA,NA,NA,NA,NA,NA
Cape Verde-2021,Cape Verde,2021,NA,NA,NA,1,1,NA,NA,3.693,NA,2.774,NA,57.46,56.98,NA,NA,NA,NA,NA,NA,NA,NA,NA,NA,NA,NA,NA,NA,NA,NA,NA,NA,NA,NA,NA,NA,NA,3.902,1,-0.061,1.11,NA,0,0,NA,NA,NA,NA,NA,NA,NA,NA,NA,NA,NA,NA,NA,NA,NA,NA,NA,NA,NA,NA,NA,NA
Central African Republic-2005,Central African Republic,2005,No,No,No,1,1,NA,NA,2.067,NA,0.757,NA,72.7,45.14,0,1,0,1,1,1,1,1,0,NA,0,-1,2,3,9,454.507405681342,10100000,2.8835207335902,NA,38.069,36.7526092529297,2.888,14.5,1.916,1,0.629,0.912,0.75,0,0,1,0,5,1,1,0,0,0,0,0,0,0,1,6,0,1,5,NA,NA,0,NA,NA
Central African Republic-2011,Central African Republic,2011,No,No,No,1,1,NA,NA,1.466,NA,0.757,NA,61.2,55.71,0,0,1,1,1,1,1,1,0,NA,0,-1,8,3,10,550.019895518698,36908455.8,1.19447572449849,NA,39.135,37.3958206176758,3.058,NA,1.917,1,-0.545,0.912,0.75,1,0,1,0,12,77,1,0,14,63,0,0,0,0,15,13,63,77,-0.1333333333333333,0.22222222222222232,-0.1428571428571429,0,0.22222222222222232,NA
Central African Republic-2015,Central African Republic,2015,NA,NA,NA,1,1,NA,NA,2.613,NA,1.147,NA,62.54,48.22,1,0,1,1,NA,1,1,1,0,NA,2,0,0,NA,14,377.422917680195,3000000,1.40297017136814,NA,40.277,37.3958206176758,3.058,33.6,1.938,1,-1.694,0.912,0.5,0,0,13,0,55,44,15,0,76,124,0,0,0,0,91,68,124,44,-0.25274725274725274,-0.6451612903225806,-0.2763157894736842,-0.1333333333333333,-0.6451612903225806,NA
Central African Republic-2016,Central African Republic,2016,NA,NA,NA,1,1,NA,7,2.79,55.078125,1.147,68.75,59.01,57.49,1,0,1,1,NA,1,1,1,0,NA,2,6,0,3,14,391.473534551141,7256090.484,4.94543276106514,NA,40.618,37.3958206176758,3.058,NA,1.938,1,-1.694,0.912,0.5,0,0,NA,NA,NA,NA,NA,NA,NA,NA,NA,NA,NA,NA,NA,NA,NA,NA,NA,NA,NA,NA,NA,NA
Central African Republic-2020,Central African Republic,2020,NA,NA,NA,1,1,NA,NA,1.264,NA,1.147,NA,76.31,21.48,0,1,1,1,0,1,1,1,1,1,NA,NA,NA,NA,14,414.396619069378,34747196.47,2.30368378868849,NA,42.198,37.3958206176758,3.058,42.87,0.075,1,-1.71,0.488,0.5,0,0,NA,NA,NA,NA,NA,NA,NA,NA,NA,NA,NA,NA,NA,NA,NA,NA,NA,NA,NA,NA,NA,NA
Central African Republic-2021,Central African Republic,2021,NA,NA,NA,1,1,NA,NA,1.264,NA,1.408,NA,66,NA,NA,NA,NA,NA,NA,NA,NA,NA,NA,NA,NA,NA,NA,NA,NA,NA,NA,NA,NA,NA,NA,3.058,41.92,0.881,1,-2.287,-0.685,NA,0,0,NA,NA,NA,NA,NA,NA,NA,NA,NA,NA,NA,NA,NA,NA,NA,NA,NA,NA,NA,NA,NA,NA
Chad-2001,Chad,2001,Yes,No,No,1,0,NA,NA,1.029,NA,1.52,NA,61.12,70.01,1,0,0,1,1,1,1,1,0,NA,0,-1,5,3,11,403.129702668452,459866391.8,12.4312865279941,NA,21.67,28.3814296722412,4.414,28.8,2.136,1,-1.121,0.46,0.167,0,0,1,0,4,103,0,0,2,17,0,0,0,0,2,5,17,103,1.5,5.0588235294117645,1,NA,5.0588235294117645,NA
Chad-2002,Chad,2002,No,Yes,No,0,1,NA,NA,1.029,NA,1.52,NA,52.4,59.61,1,0,0,1,0,1,1,1,0,NA,0,-1,6,3,11,420.815937071809,924119210.1,5.19181895195446,NA,21.702,28.3814296722412,4.618,24,2.136,1,-1.121,0.46,0.167,0,0,0,0,1,12,0,0,1,0,0,0,1,1,1,1,0,12,0,NA,0,NA,NA,NA
Chad-2006,Chad,2006,Yes,No,No,1,0,NA,NA,1.021,NA,1.52,NA,53.08,71.4,1,0,1,1,0,1,1,1,0,NA,0,-2,14,3,12,657.084735947388,-278413999.9,8.03628897951331,NA,21.834,26.0029907226563,5.433,36.5,2.304,1,-1.121,-0.653,0.286,0,0,1,0,10,73,1,0,37,859,0,0,0,0,38,11,859,73,-0.7105263157894737,-0.9150174621653084,-0.7297297297297297,0,-0.9150174621653084,NA
Chad-2011,Chad,2011,No,No,No,1,1,NA,NA,1.345,NA,1.52,NA,56.6,57.92,0,0,1,1,1,1,1,1,0,NA,0,-2,19,3,13,700.662705270942,281899999.9,2.02924053678257,43.3,22.054,26.0029907226563,6.249,NA,2.419,1,-1.121,-0.653,0.286,0,0,0,0,0,0,0,0,1,0,0,0,0,0,1,0,0,0,-1,NA,-1,NA,NA,NA
Chad-2016,Chad,2016,NA,NA,NA,1,0,NA,2.3333333,0.482,32.708332,0.986,35.416668,65.95,70.98,0,1,1,1,1,1,1,1,1,1,0,-2,24,3,13,704.960071760413,244682121,-0.792440525236028,NA,22.677,22.3115501403809,6.249,NA,1.466,1,0.368,-0.075,0.286,0,0,0,0,4,4,7,0,15,13,1,0,1,0,22,4,13,4,-0.8181818181818181,-0.6923076923076923,-0.7333333333333334,-1,-0.6923076923076923,NA
Chad-2021,Chad,2021,NA,NA,NA,1,0,NA,NA,0.581,NA,1.836,NA,63.37,57.79,NA,NA,NA,NA,NA,NA,NA,NA,NA,NA,NA,NA,NA,NA,NA,NA,NA,NA,NA,NA,NA,6.249,40.2,1.427,1,0.368,-0.075,NA,0,0,NA,NA,NA,NA,NA,NA,NA,NA,NA,NA,NA,NA,NA,NA,NA,NA,NA,NA,NA,NA,NA,NA
Comoros-2002,Comoros,2002,Yes,No,No,1,0,NA,NA,2.828,NA,1.156,NA,76.28,37.99,0,0,1,1,1,1,1,0,1,1,2,4,0,4,9,1186.4510536465,430423.479,3.53304214308075,NA,27.992,49.1961402893066,NA,18.5,2.888,1,-0.761,0.046,0.4,0,0,NA,NA,NA,NA,NA,NA,NA,NA,NA,NA,NA,NA,NA,NA,NA,NA,NA,NA,NA,NA,NA,NA
Comoros-2004,Comoros,2004,No,Yes,No,0,1,NA,NA,2.7,NA,1.142,NA,NA,NA,0,0,0,1,1,1,1,1,0,NA,2,6,0,4,8,1177.29923901797,672560.378635016,4.47499289078105,55.9,27.903,49.1961402893066,NA,22,2.912,1,-0.761,0.046,0.4,0,0,NA,NA,NA,NA,NA,NA,NA,NA,NA,NA,NA,NA,NA,NA,NA,NA,NA,NA,NA,NA,NA,NA
Comoros-2006,Comoros,2006,Yes,No,No,1,0,NA,NA,2.856,NA,1.454,NA,57.26,52.14,0,0,0,1,1,1,1,1,0,NA,0,9,0,4,7,1184.82932671086,778420.213878796,3.37436360121208,NA,27.863,49.1961402893066,NA,28,3.573,1,-0.761,0.046,0.4,0,0,NA,NA,NA,NA,NA,NA,NA,NA,NA,NA,NA,NA,NA,NA,NA,NA,NA,NA,NA,NA,NA,NA
Comoros-2009,Comoros,2009,No,Yes,No,0,1,NA,NA,2.463,NA,1.452,NA,NA,NA,0,0,1,0,NA,1,0,1,0,NA,0,9,3,4,7,1192.67843428353,13839598.1677915,4.3623482932572,NA,27.921,49.1961402893066,NA,19,3.564,0,-0.761,0.046,0.4,0,0,NA,NA,NA,NA,NA,NA,NA,NA,NA,NA,NA,NA,NA,NA,NA,NA,NA,NA,NA,NA,NA,NA
Comoros-2010,Comoros,2010,NA,NA,NA,1,0,NA,NA,2.488,NA,1.452,NA,67.11,56.13,0,0,1,1,0,1,0,1,0,NA,0,9,4,4,7,1208.48076292287,8350406.72212085,3.35475770328918,NA,27.973,49.1961402893066,NA,NA,3.508,1,-0.57,0.046,0.4,0,0,NA,NA,NA,NA,NA,NA,NA,NA,NA,NA,NA,NA,NA,NA,NA,NA,NA,NA,NA,NA,NA,NA
Comoros-2015,Comoros,2015,NA,NA,NA,0,1,NA,6.2,1.256,61.25,1.814,58.8125,71.35,49.41,0,0,0,1,1,1,1,1,0,NA,0,9,9,4,7,1242.58560784999,4936699.51044482,NA,NA,28.47,58.8170204162598,NA,24.33,2.989,0,-0.57,0.046,0.2,0,0,NA,NA,NA,NA,NA,NA,NA,NA,NA,NA,NA,NA,NA,NA,NA,NA,NA,NA,NA,NA,NA,NA
Comoros-2016,Comoros,2016,NA,NA,NA,1,0,NA,4.5,1.543,31.25,1.814,31.25,74.42,48.3,0,0,1,1,1,1,1,1,1,1,0,9,10,4,7,1254.54003983978,3569823.72997207,NA,NA,28.619,58.8170204162598,NA,NA,2.989,1,-0.57,0.046,0.2,0,0,NA,NA,NA,NA,NA,NA,NA,NA,NA,NA,NA,NA,NA,NA,NA,NA,NA,NA,NA,NA,NA,NA
Comoros-2019,Comoros,2019,NA,NA,NA,1,0,NA,NA,0.479,NA,1.392,NA,53.84,36.14,0,0,1,1,0,1,1,1,1,1,NA,NA,NA,NA,8,1284.28651891376,4300803.96632158,NA,NA,29.164,58.8170204162598,NA,27.91,2.242,1,-0.57,0.046,0.2,0,0,NA,NA,NA,NA,NA,NA,NA,NA,NA,NA,NA,NA,NA,NA,NA,NA,NA,NA,NA,NA,NA,NA
Comoros-2020,Comoros,2020,NA,NA,NA,0,1,NA,NA,0.479,NA,1.392,NA,62.8,41.27,NA,NA,1,0,NA,1,1,1,0,NA,NA,NA,NA,NA,9,1255.04394784079,3873524.39159791,NA,NA,29.38,58.8170204162598,NA,29.77,1.37,1,-0.501,0.046,0.2,0,0,NA,NA,NA,NA,NA,NA,NA,NA,NA,NA,NA,NA,NA,NA,NA,NA,NA,NA,NA,NA,NA,NA
Cote d'Ivoire-2000,Cote d'Ivoire,2000,Yes,Yes,Yes,NA,NA,NA,NA,NA,NA,NA,NA,NA,NA,1,0,1,0,0,1,1,1,1,1,NA,NA,NA,NA,11,1847.86996963696,234701731.5,2.53077516737993,NA,43.155,48.7407608032227,NA,NA,NA,NA,NA,NA,NA,NA,NA,36,0,75,247,24,0,83,277,12,0,2,0,107,111,277,247,0.03738317757009346,-0.10830324909747291,-0.09638554216867468,0.5,-0.10830324909747291,NA
Cote d'Ivoire-2001,Cote d'Ivoire,2001,NA,NA,NA,0,1,NA,NA,1.765,NA,1.962,NA,NA,NA,1,0,1,0,0,1,1,1,0,NA,NA,NA,NA,NA,9,1765.32806149226,272679898.3,4.36152914007253,NA,43.568,40.9816284179688,3.276,19,1.084,0,1.167,1.653,0.6,0,0,NA,NA,NA,NA,NA,NA,NA,NA,NA,NA,NA,NA,NA,NA,NA,NA,NA,NA,NA,NA,NA,NA
Cote d'Ivoire-2010,Cote d'Ivoire,2010,NA,NA,NA,1,0,NA,NA,2.189,NA,2.131,NA,83.73,55.61,0,0,0,1,1,1,1,1,0,NA,NA,NA,NA,NA,13,1687.21651908941,358468317.342002,1.2264561213548,NA,47.33,40.9816284179688,3.78,NA,0.318,1,1.252,1.653,0.333,0,0,11,0,133,335,3,0,9,12,0,0,3,0,12,144,12,335,11,26.916666666666668,13.777777777777779,2.6666666666666665,26.916666666666668,NA
Cote d'Ivoire-2011,Cote d'Ivoire,2011,NA,NA,NA,0,1,NA,NA,2.198,NA,2.381,NA,36.56,18.16,0,0,1,1,1,1,1,1,0,NA,NA,NA,NA,NA,12,1558.96869731226,301972462.517861,4.91243395052462,NA,47.751,40.9816284179688,3.78,NA,0.361,1,1.252,1.653,0.506,0,0,0,0,7,7,2,0,13,13,0,0,0,0,15,7,13,7,-0.5333333333333333,-0.46153846153846156,-0.46153846153846156,-1,-0.46153846153846156,NA
Cote d'Ivoire-2015,Cote d'Ivoire,2015,NA,NA,NA,1,0,NA,NA,2.886,NA,3.058,NA,52.86,25.88,1,0,1,1,0,1,1,1,0,NA,NA,NA,NA,NA,8,1972.54568305836,494408755.776341,1.25149954781474,41.5,49.444,89.8934173583984,3.78,30.17,2.588,1,1.252,1.653,0.429,0,0,4,0,6,13,5,0,10,2,0,0,0,0,15,10,2,13,-0.33333333333333337,5.5,-0.4,-0.19999999999999996,5.5,NA
Cote d'Ivoire-2016,Cote d'Ivoire,2016,NA,NA,NA,0,1,NA,NA,2.886,NA,3.058,NA,34.1,16.15,1,0,1,0,NA,1,1,1,0,NA,NA,NA,NA,NA,8,2061.21524653499,577871524.156215,0.723178457513252,NA,49.881,89.8934173583984,3.78,NA,2.586,1,1.252,1.653,0.429,0,0,3,0,40,7,5,0,15,9,0,0,0,0,20,43,9,7,1.15,-0.2222222222222222,1.6666666666666665,-0.4,-0.2222222222222222,NA
Cote d'Ivoire-2020,Cote d'Ivoire,2020,NA,NA,NA,1,0,NA,NA,1.192,NA,3.362,NA,53.9,26.89,0,1,1,1,1,1,1,1,1,0,NA,NA,NA,NA,9,2313.79338827553,508531022.5,2.42500656821829,NA,51.706,89.8934173583984,3.78,NA,0.853,1,1.252,1.653,0.6,0,0,NA,NA,NA,NA,NA,NA,NA,NA,NA,NA,NA,NA,NA,NA,NA,NA,NA,NA,NA,NA,NA,NA
Cote d'Ivoire-2021,Cote d'Ivoire,2021,NA,NA,NA,0,1,NA,NA,1.192,NA,3.362,NA,NA,NA,NA,NA,NA,NA,NA,NA,NA,NA,NA,NA,NA,NA,NA,NA,NA,NA,NA,NA,NA,NA,NA,3.78,NA,1.106,NA,1.252,1.653,NA,0,0,NA,NA,NA,NA,NA,NA,NA,NA,NA,NA,NA,NA,NA,NA,NA,NA,NA,NA,NA,NA,NA,NA
Democratic Republic of the Congo-2006,Democratic Republic of the Congo,2006,No,No,No,1,1,NA,NA,2.346,NA,0.954,NA,70.54,61.57,NA,NA,NA,NA,NA,NA,NA,NA,NA,NA,NA,NA,NA,NA,NA,NA,NA,NA,NA,NA,NA,3.546,NA,1.483,1,-0.991,-0.903,0.273,0,0,10,0,47,176,7,0,57,77,0,0,0,0,64,57,77,176,-0.109375,1.2857142857142856,-0.17543859649122806,0.4285714285714286,1.2857142857142856,NA
Democratic Republic of the Congo-2011,Democratic Republic of the Congo,2011,No,No,No,1,1,NA,NA,1.757,NA,0.848,NA,59.05,55.56,NA,NA,NA,NA,NA,NA,NA,NA,NA,NA,NA,NA,NA,NA,NA,NA,NA,NA,NA,NA,NA,3.592,NA,1.367,1,-0.991,-0.903,0.273,0,0,21,0,117,238,13,0,166,118,2,0,4,0,179,138,118,238,-0.22905027932960897,1.0169491525423728,-0.29518072289156627,0.6153846153846154,1.0169491525423728,NA
Democratic Republic of the Congo-2018,Democratic Republic of the Congo,2018,NA,NA,NA,1,1,NA,NA,1.652,NA,0.515,NA,45.4,41.53,NA,NA,NA,NA,NA,NA,NA,NA,NA,NA,NA,NA,NA,NA,NA,NA,NA,NA,NA,NA,NA,3.592,NA,1.253,1,-0.991,-0.903,0.273,0,0,100,0,508,832,76,0,394,1237,4,0,15,6,470,608,1237,832,0.29361702127659584,-0.3274050121261115,0.28934010152284273,0.3157894736842106,-0.3274050121261115,NA
Djibouti-2003,Djibouti,2003,No,Yes,No,0,1,NA,NA,1.223,NA,1.594,NA,48.42,23.56,0,1,1,1,1,1,1,1,0,NA,0,1,4,3,10,NA,14224542.9634089,1.98196734627542,NA,76.67,NA,NA,55,3.793,1,-0.67,-0.453,0.571,0,1,NA,NA,NA,NA,NA,NA,NA,NA,NA,NA,NA,NA,NA,NA,NA,NA,NA,NA,NA,NA,NA,NA
Djibouti-2005,Djibouti,2005,Yes,No,No,1,0,NA,NA,0.993,NA,1.594,NA,78.9,54.08,1,1,1,1,1,1,1,0,1,0,0,2,6,3,10,NA,22203341.1920932,3.104966401483,NA,76.761,NA,NA,33,3.612,1,-0.67,-0.453,0.571,0,1,0,0,0,0,0,0,1,0,0,0,0,0,1,0,0,0,-1,NA,-1,NA,NA,NA
Djibouti-2008,Djibouti,2008,No,Yes,No,0,1,NA,NA,1.002,NA,1.594,NA,72.61,27.72,0,0,1,1,0,1,1,1,0,NA,0,2,9,3,10,NA,227654582.182184,11.9586206896552,NA,76.899,NA,NA,31,3.619,1,-0.67,-0.453,0.571,0,1,NA,NA,NA,NA,NA,NA,NA,NA,NA,NA,NA,NA,NA,NA,NA,NA,NA,NA,NA,NA,NA,NA
Djibouti-2011,Djibouti,2011,Yes,No,No,1,0,NA,NA,1.207,NA,1.638,NA,75.45,25.98,0,0,1,1,0,1,1,1,0,NA,0,2,12,3,11,NA,79000230.6986794,5.06871394777984,NA,77.064,NA,NA,NA,3.636,1,-0.613,-0.453,0.571,0,1,0,0,0,0,2,0,2,3,2,0,0,0,4,0,3,0,-1,-1,-1,-1,-1,NA
Djibouti-2013,Djibouti,2013,NA,NA,NA,0,1,NA,2.2,1.487,20.1875,1.638,32.5,69.16,26.82,1,0,1,1,0,1,1,1,1,1,0,3,14,0,11,2386.2481879402,286004467.676864,2.70603242872186,44.1,77.222,NA,NA,70.34,3.221,1,-0.613,-0.453,0.571,0,1,1,0,6,6,0,0,2,1,0,0,0,0,2,7,1,6,2.5,5,2,NA,5,NA
Djibouti-2016,Djibouti,2016,NA,NA,NA,1,0,NA,3.1666667,1.484,36.458332,1.849,46.458332,69.26,24.73,1,0,1,1,0,1,1,1,0,NA,0,3,17,0,11,2789.69381039298,159997974.353059,2.73841208738761,NA,77.528,NA,NA,NA,3.437,1,-0.613,-0.453,0.571,0,1,0,0,1,0,0,0,1,0,0,0,0,0,1,1,0,0,0,NA,0,NA,NA,NA
Djibouti-2018,Djibouti,2018,NA,NA,NA,0,1,NA,3.3333333,1.377,34.375,1.828,43.75,61.78,21.48,NA,0,1,1,0,1,1,1,0,NA,0,3,19,0,11,3088.5637801271,170000000,0.147970849877116,NA,77.777,NA,NA,70.77,3.444,1,-0.613,-0.453,0.571,0,1,0,0,1,0,0,0,0,0,0,0,0,0,0,1,0,0,NA,NA,NA,NA,NA,NA
Djibouti-2021,Djibouti,2021,NA,NA,NA,1,0,NA,NA,1.38,NA,1.732,NA,76.44,27.06,NA,NA,NA,NA,NA,NA,NA,NA,NA,NA,NA,NA,NA,NA,NA,NA,NA,NA,NA,NA,NA,NA,78.62,3.468,1,-0.613,-0.453,NA,0,0,NA,NA,NA,NA,NA,NA,NA,NA,NA,NA,NA,NA,NA,NA,NA,NA,NA,NA,NA,NA,NA,NA
Egypt-2000,Egypt,2000,No,Yes,No,NA,NA,NA,NA,NA,NA,NA,NA,NA,NA,0,0,1,NA,NA,1,1,1,0,NA,0,-6,48,2,11,2610.47649769732,1235000000,2.68380535348548,NA,42.797,67.3318710327148,NA,NA,NA,NA,NA,NA,NA,NA,NA,2,0,23,47,14,0,24,52,0,0,3,0,38,25,52,47,-0.3421052631578947,-0.09615384615384615,-0.04166666666666663,-0.8571428571428572,-0.09615384615384615,NA
Egypt-2001,Egypt,2001,No,Yes,No,NA,NA,NA,NA,NA,NA,NA,NA,NA,NA,NA,NA,NA,NA,NA,NA,NA,NA,NA,NA,0,-6,49,2,12,2651.86551548459,509900000,2.26975720475954,NA,42.843,67.3318710327148,NA,NA,NA,NA,NA,NA,NA,NA,NA,NA,NA,NA,NA,NA,NA,NA,NA,NA,NA,NA,NA,NA,NA,NA,NA,NA,NA,NA,NA,NA,NA
Egypt-2004,Egypt,2004,No,Yes,No,NA,NA,NA,NA,NA,NA,NA,NA,NA,NA,NA,NA,NA,NA,NA,NA,NA,NA,NA,NA,0,-6,52,2,11,2758.56642773719,1253300000,11.270619332052,31.8,42.981,67.3318710327148,NA,NA,NA,NA,NA,NA,NA,NA,NA,NA,NA,NA,NA,NA,NA,NA,NA,NA,NA,NA,NA,NA,NA,NA,NA,NA,NA,NA,NA,NA,NA
Egypt-2005,Egypt,2005,Yes,Yes,Yes,1,1,NA,NA,0.742,NA,0.661,NA,28.13,19.75,0,0,1,1,1,1,1,1,0,NA,0,-3,0,3,11,2830.35013833779,5375600000,4.86939696871988,NA,43.027,67.3318710327148,7.275,NA,1.803,1,0.088,-0.322,0,0,0,20,0,14,14,21,0,15,101,0,0,0,0,36,34,101,14,-0.05555555555555558,-0.8613861386138614,-0.06666666666666665,-0.04761904761904767,-0.8613861386138614,NA
Egypt-2007,Egypt,2007,No,Yes,No,NA,NA,NA,NA,NA,NA,NA,NA,NA,NA,1,0,1,0,NA,1,1,1,0,NA,0,-3,2,3,11,3126.27499807474,11578100000,9.31896905799228,NA,43.078,72.0478515625,NA,NA,NA,NA,NA,NA,NA,NA,NA,NA,NA,NA,NA,NA,NA,NA,NA,NA,NA,NA,NA,NA,NA,NA,NA,NA,NA,NA,NA,NA,NA
Egypt-2010,Egypt,2010,No,Yes,No,0,1,NA,NA,0.353,NA,0.722,NA,34.95,28.37,0,0,1,0,NA,1,1,1,0,NA,0,-3,5,3,11,3485.28219813521,6385600000,11.2651882653186,30.2,43.019,72.0478515625,7.72,NA,1.63,0,0.088,-0.322,0,0,0,681,0,450,1900,12,0,30,7,3,0,2,0,42,1131,7,1900,25.928571428571427,270.42857142857144,14,55.75,270.42857142857144,NA
Egypt-2011,Egypt,2011,No,Yes,No,0,1,NA,NA,0.582,NA,1.471,NA,62.04,54.99,0,1,1,1,1,1,1,1,0,NA,0,-2,6,0,11,3472.59829308025,-482700000,10.0649259874818,NA,43,73.865592956543,7.72,NA,1.585,0,0.088,-0.322,0,0,0,65,0,64,125,188,0,115,155,1,0,5,1,303,129,155,125,-0.5742574257425743,-0.19354838709677424,-0.4434782608695652,-0.6542553191489362,-0.19354838709677424,NA
Egypt-2012,Egypt,2012,Yes,NA,No,1,0,NA,NA,2.809,NA,1.594,NA,51.85,49.62,0,1,1,1,1,1,1,1,0,NA,0,-3,0,NA,10,3472.1482980304,2797700000,7.11172943343078,28.3,42.946,73.865592956543,7.72,NA,1.504,1,0.088,-0.322,0.001,0,0,72,0,79,165,190,0,127,108,0,0,1,3,317,151,108,165,-0.5236593059936909,0.5277777777777777,-0.3779527559055118,-0.6210526315789473,0.5277777777777777,NA
Egypt-2014,Egypt,2014,NA,NA,NA,1,0,NA,4.8333335,1.581,40.572918,1.172,56.09375,48.5,47.14,1,0,1,1,1,1,1,1,1,1,0,-4,1,2,11,3489.86412365968,4612200000,10.0702154687482,NA,42.839,71.1682510375977,7.72,NA,1.801,1,0.088,-0.322,0.091,0,0,48,9,237,278,118,2,316,181,0,0,2,1,434,285,183,287,-0.3433179723502304,0.5683060109289617,-0.25,-0.5932203389830508,0.5359116022099448,3.5
Egypt-2015,Egypt,2015,NA,NA,NA,0,1,NA,4.5,1.334,45.677082,1.172,57.447918,28.27,27.46,0,0,0,1,1,1,1,1,0,NA,0,-4,2,2,11,3562.93265798423,6925200000,10.370490343517,31.8,42.785,71.1682510375977,7.72,NA,1.837,1,0.088,-0.322,0.091,0,0,113,0,296,903,102,0,349,1797,1,0,4,2,451,409,1797,903,-0.09312638580931265,-0.4974958263772955,-0.15186246418338112,0.10784313725490202,-0.4974958263772955,NA
Egypt-2018,Egypt,2018,NA,NA,NA,1,0,NA,2.5714285,0.245,32.5,1.253,58.526787,41.05,39.9,0,0,1,1,0,0,1,1,0,NA,0,-4,5,2,12,3831.19983491505,8141300000,14.4014657807421,NA,42.704,71.1682510375977,7.72,NA,2.299,0,0.088,-0.322,0.091,0,0,9,0,58,268,33,0,100,326,0,0,2,1,133,67,326,268,-0.49624060150375937,-0.17791411042944782,-0.42000000000000004,-0.7272727272727273,-0.17791411042944782,NA
Egypt-2020,Egypt,2020,NA,NA,NA,0,1,NA,NA,0.676,NA,1.011,NA,29.07,28.82,0,0,1,1,0,1,1,1,0,NA,NA,NA,NA,NA,12,4028.42091976109,5851800000,5.04493288977533,NA,42.783,71.1682510375977,7.72,NA,2.819,1,0.088,-0.322,0.111,0,0,NA,NA,NA,NA,NA,NA,NA,NA,NA,NA,NA,NA,NA,NA,NA,NA,NA,NA,NA,NA,NA,NA
Equatorial Guinea-2002,Equatorial Guinea,2002,Yes,No,No,1,0,NA,NA,0.866,NA,1.351,NA,97.79,78.94,1,0,1,1,NA,1,1,1,0,NA,0,-6,33,2,13,8003.96177858715,323391507.5,7.59247849833242,NA,52.573,94.3705368041992,NA,44.75,3.159,1,-1.101,-0.817,0.25,0,1,NA,NA,NA,NA,NA,NA,NA,NA,NA,NA,NA,NA,NA,NA,NA,NA,NA,NA,NA,NA,NA,NA
Equatorial Guinea-2004,Equatorial Guinea,2004,No,Yes,No,0,1,NA,NA,0.881,NA,1.351,NA,96.45,74.58,1,0,1,1,1,1,1,1,0,NA,0,-6,35,2,13,11558.6754236884,340914468.5,4.21968787094834,NA,56.033,94.3705368041992,NA,44,3.136,0,-1.101,-0.817,0.25,0,1,0,0,1,12,1,0,0,0,0,0,0,0,1,1,0,12,0,NA,NA,-1,NA,NA
Equatorial Guinea-2008,Equatorial Guinea,2008,No,Yes,No,0,1,NA,NA,0.455,NA,1.351,NA,NA,NA,1,0,1,1,1,1,1,1,0,NA,0,-6,39,2,14,16438.6414745572,-793872332.8,6.55176691184536,NA,62.745,94.3705368041992,NA,65.5,2.444,0,-1.101,-0.817,0.2,0,1,0,0,0,0,0,0,2,3,0,0,0,0,2,0,3,0,-1,-1,-1,NA,-1,NA
Equatorial Guinea-2009,Equatorial Guinea,2009,Yes,No,No,1,0,NA,NA,0.454,NA,1.351,NA,93.35,83.03,1,0,1,1,1,1,1,1,0,NA,0,-6,40,2,14,15906.4965908617,1636219625,4.6910656774738,NA,64.358,94.3705368041992,NA,79,2.444,0,-1.101,-0.817,0.2,0,1,0,0,1,7,0,0,1,1,1,0,0,0,1,1,1,7,0,6,0,NA,6,NA
Equatorial Guinea-2013,Equatorial Guinea,2013,NA,NA,NA,0,1,NA,1.9,0.439,12.5,1.351,48.96875,NA,NA,0,0,1,1,1,1,1,1,0,NA,0,-6,44,2,14,13421.5657576366,582948701.9,2.94887694639657,NA,69.544,94.3705368041992,NA,67.95,2.43,1,-1.222,-0.817,0.2,0,1,0,0,0,0,0,0,1,0,0,0,0,0,1,0,0,0,-1,NA,-1,NA,NA,NA
Equatorial Guinea-2016,Equatorial Guinea,2016,NA,NA,NA,1,0,NA,2,0.453,24.955357,1.351,56.919643,92.7,74.6,0,1,1,1,1,1,1,1,0,NA,0,-6,47,2,14,9894.00629387915,53998812.9,1.41193915479014,NA,71.138,94.3705368041992,NA,NA,2.416,1,-1.222,-0.817,0.2,0,1,1,0,0,0,4,0,3,0,0,0,0,0,7,1,0,0,-0.8571428571428572,NA,-1,-0.75,NA,NA
Equatorial Guinea-2017,Equatorial Guinea,2017,NA,NA,NA,NA,NA,NA,1.8181819,NA,14.772727,NA,45.795456,NA,NA,0,1,1,1,0,1,1,1,0,NA,0,-6,48,2,14,8986.95103523832,304827249.5,0.745599218497516,NA,71.646,94.3705368041992,NA,66.47,NA,NA,NA,NA,NA,NA,NA,0,0,4,3,1,0,1,0,0,0,0,0,2,4,0,3,1,NA,3,-1,NA,NA
Ethiopia-2000,Ethiopia,2000,No,Yes,No,NA,NA,NA,NA,NA,NA,NA,NA,NA,NA,0,1,1,1,1,1,1,1,0,NA,0,1,5,3,10,262.025313364975,134639999.9,0.66245810926647,NA,14.74,35.9000015258789,NA,NA,NA,NA,NA,NA,NA,NA,NA,1,0,78,681,0,0,14,212,0,0,0,0,14,79,212,681,4.642857142857143,2.2122641509433962,4.571428571428571,NA,2.2122641509433962,NA
Ethiopia-2005,Ethiopia,2005,No,Yes,No,0,1,NA,NA,1.816,NA,1.348,NA,82.6,66.19,1,1,0,1,1,1,1,1,1,1,0,-3,0,3,10,310.482649763526,265111675.482385,12.944879209999,NA,15.7,29.8203392028809,NA,75,1.366,1,-1.587,-0.922,0.4,1,0,4,0,27,317,1,0,22,519,0,0,2,16,23,31,519,317,0.34782608695652173,-0.3892100192678227,0.2272727272727273,3,-0.3892100192678227,NA
Ethiopia-2010,Ethiopia,2010,No,Yes,No,0,1,NA,NA,0.93,NA,1.269,NA,93.44,71.17,1,0,1,1,1,1,1,1,0,NA,0,-3,5,3,12,453.29882929109,288271568.250744,8.13694113083096,33.2,17.319,51.7711791992188,NA,NA,1.8,1,-1.408,-0.922,0.2,1,0,4,0,51,297,1,0,51,609,0,0,3,0,52,55,609,297,0.05769230769230771,-0.5123152709359606,0,3,-0.5123152709359606,NA
Ethiopia-2015,Ethiopia,2015,NA,NA,NA,0,1,NA,1.5882353,1.148,13.371711,1.837,41.085526,93.22,70.09,1,0,1,1,NA,1,1,1,NA,NA,0,-3,10,3,13,640.541923075422,2626517918.313,9.56889955968618,35,19.428,51.7711791992188,NA,45.13,2.439,1,-1.408,-0.922,0.3,1,0,5,0,12,185,0,0,1,0,0,0,0,0,1,17,0,185,16,NA,11,NA,NA,NA
Ethiopia-2021,Ethiopia,2021,NA,NA,NA,0,1,NA,NA,2.247,NA,2.96,NA,93.64,63.37,NA,NA,NA,NA,NA,NA,NA,NA,NA,NA,NA,NA,NA,NA,NA,NA,NA,NA,NA,NA,NA,NA,33.63,1.923,1,-0.516,-0.788,NA,0,0,NA,NA,NA,NA,NA,NA,NA,NA,NA,NA,NA,NA,NA,NA,NA,NA,NA,NA,NA,NA,NA,NA
Gabon-2001,Gabon,2001,No,Yes,No,0,1,NA,NA,1.702,NA,1.115,NA,NA,NA,0,0,1,1,1,1,1,1,0,NA,0,-4,10,2,9,7866.61354514162,-100615451.014713,2.13762052701467,NA,79.633,82.2837982177734,4.991,20.5,1.318,1,0.259,-0.848,0,0,0,0,0,1,0,2,0,1,0,0,0,0,0,3,1,0,0,-0.6666666666666667,NA,0,-1,NA,NA
Gabon-2005,Gabon,2005,Yes,No,No,1,0,NA,NA,1.655,NA,1.115,NA,63.47,42.98,1,0,0,1,1,1,1,1,1,1,0,-4,14,2,10,7504.25995868094,326161877.897877,3.70833333333304,42.2,82.452,82.2837982177734,5.308,28.5,1.111,1,0.259,-0.848,0,0,0,1,0,0,0,0,0,0,0,0,0,0,0,0,1,0,0,NA,NA,NA,NA,NA,NA
Gabon-2006,Gabon,2006,No,Yes,No,0,1,NA,NA,1.654,NA,1.115,NA,NA,NA,1,0,0,1,1,1,1,1,1,1,0,-4,15,2,10,7091.72004198845,267805000,-1.40940136600983,NA,83.107,82.2837982177734,5.387,31.5,1.11,1,0.259,-0.848,0,0,0,NA,NA,NA,NA,NA,NA,NA,NA,NA,NA,NA,NA,NA,NA,NA,NA,NA,NA,NA,NA,NA,NA
Gabon-2009,Gabon,2009,Yes,No,No,1,0,NA,NA,1.646,NA,1.115,NA,44.29,40.01,0,1,1,1,0,1,1,1,1,1,0,3,0,3,11,6634.71867702502,635674956.848352,1.88570754577918,NA,84.955,82.2837982177734,5.625,28.75,1.114,1,0.259,-0.848,0,0,0,3,0,4,0,0,0,1,0,0,0,0,0,1,7,0,0,6,NA,3,NA,NA,NA
Gabon-2011,Gabon,2011,No,Yes,No,0,1,NA,NA,1.567,NA,1.169,NA,34.28,28.24,0,0,1,1,0,1,1,1,1,0,0,3,2,3,11,7086.38778211358,1123536918.98497,1.2633170783742,NA,86.092,82.2837982177734,5.704,NA,1.095,1,0.678,-0.848,0,0,0,NA,NA,NA,NA,NA,NA,NA,NA,NA,NA,NA,NA,NA,NA,NA,NA,NA,NA,NA,NA,NA,NA
Gabon-2016,Gabon,2016,NA,NA,NA,1,0,1.5454,2.8888888,2.005,18.75,1.029,20.76389,59.46,41.89,0,0,0,1,1,1,1,1,1,1,0,3,7,3,11,7313.13996521451,1243660160,2.1067071278405,NA,88.559,84.6671600341797,5.704,NA,0.719,1,0.678,-0.848,0,0,0,8,0,11,7,1,0,3,0,0,0,0,0,4,19,0,7,3.75,NA,2.6666666666666665,7,NA,NA
Gabon-2018,Gabon,2018,NA,NA,NA,0,1,NA,2.5,1.829,17.1875,1.89,32.8125,58.63,33.87,1,0,1,1,0,1,1,1,0,NA,0,3,9,3,12,7019.8275539348,1379070816,4.74906652083221,NA,89.37,84.6671600341797,5.704,32.37,2.159,1,0.678,-0.848,0,0,0,18,0,10,5,2,0,3,0,0,0,0,0,5,28,0,5,4.6,NA,2.3333333333333335,8,NA,NA
Gambia-2001,Gambia,2001,Yes,No,No,1,0,NA,NA,1.704,NA,1.856,NA,89.71,61.32,1,0,0,1,1,1,1,1,0,NA,0,-5,4,2,NA,NA,NA,NA,NA,NA,NA,2.788,NA,2.561,1,-0.347,-0.059,0.429,0,0,0,0,3,0,2,0,7,6,0,0,0,0,9,3,6,0,-0.6666666666666667,-1,-0.5714285714285714,-1,-1,NA
Gambia-2002,Gambia,2002,No,Yes,No,0,1,NA,NA,2.29,NA,1.856,NA,56.38,13.88,1,0,0,1,1,1,1,1,0,NA,0,-5,5,2,NA,NA,NA,NA,NA,NA,NA,2.878,NA,2.73,1,-0.347,-0.059,0.429,0,0,0,0,5,1,0,0,3,0,0,0,0,0,3,5,0,1,0.6666666666666667,NA,0.6666666666666667,NA,NA,NA
Gambia-2006,Gambia,2006,Yes,No,No,1,0,NA,NA,1.486,NA,1.856,NA,58.58,50.66,1,0,0,1,1,1,1,1,0,NA,0,-5,9,2,NA,NA,NA,NA,NA,NA,NA,3.238,NA,2.316,1,-0.347,-0.059,0.444,0,0,0,0,1,0,1,0,1,0,0,0,0,0,2,1,0,0,-0.5,NA,0,-1,NA,NA
Gambia-2007,Gambia,2007,No,Yes,No,0,1,NA,NA,1.504,NA,1.856,NA,41.7,32.75,0,0,0,0,NA,1,1,1,0,NA,0,-5,10,2,NA,NA,NA,NA,NA,NA,NA,3.328,NA,2.346,0,-0.347,-0.059,0.444,0,0,0,0,0,0,0,0,1,0,0,0,0,0,1,0,0,0,-1,NA,-1,NA,NA,NA
Gambia-2011,Gambia,2011,Yes,No,No,1,0,NA,NA,1.519,NA,1.856,NA,82.55,73.53,0,0,1,1,0,1,1,1,0,NA,0,-5,14,2,NA,NA,NA,NA,NA,NA,NA,3.598,NA,2.358,1,-0.122,-0.059,0.333,0,0,0,0,0,0,1,0,0,0,0,0,0,0,1,0,0,0,-1,NA,NA,-1,NA,NA
Gambia-2012,Gambia,2012,No,Yes,No,0,1,NA,NA,1.519,NA,1.856,NA,19.44,16.83,1,0,1,1,0,1,1,1,0,NA,0,-5,15,2,NA,NA,NA,NA,NA,NA,NA,3.598,NA,2.379,1,-0.122,-0.059,0.333,0,0,1,0,3,4,0,0,0,0,0,0,0,0,0,4,0,4,NA,NA,NA,NA,NA,NA
Gambia-2016,Gambia,2016,NA,NA,NA,1,0,7.24159,7.3333335,2.073,69.44444,2.205,42.256943,59.35,47.04,0,0,1,1,1,1,1,1,1,1,0,-5,19,2,NA,NA,NA,NA,NA,NA,NA,3.598,NA,2.557,1,-0.122,-0.059,0.333,0,0,11,0,1,0,3,0,0,0,0,0,0,0,3,12,0,0,3,NA,NA,2.6666666666666665,NA,NA
Gambia-2017,Gambia,2017,NA,NA,NA,0,1,NA,7.3333335,2.459,68.75,2.251,67.5,42,32.33,0,0,0,1,1,1,1,1,1,1,0,4,0,0,NA,NA,NA,NA,NA,NA,NA,3.598,NA,2.568,1,0.44,0.93,0.229,0,0,2,0,9,2,12,0,4,3,0,0,2,0,16,11,3,2,-0.3125,-0.33333333333333337,1.25,-0.8333333333333334,-0.33333333333333337,NA
Gambia-2021,Gambia,2021,NA,NA,NA,1,0,NA,NA,3.766,NA,2.458,NA,89.34,NA,NA,NA,NA,NA,NA,NA,NA,NA,NA,NA,NA,NA,NA,NA,NA,NA,NA,NA,NA,NA,NA,3.598,NA,3.008,1,0.378,0.843,NA,0,0,NA,NA,NA,NA,NA,NA,NA,NA,NA,NA,NA,NA,NA,NA,NA,NA,NA,NA,NA,NA,NA,NA
Ghana-2000,Ghana,2000,Yes,Yes,Yes,NA,NA,NA,NA,NA,NA,NA,NA,NA,NA,0,0,0,1,NA,1,1,1,1,1,0,2,4,4,5,1040.63409900461,165900000,40.2409331239139,NA,43.929,57.8974685668945,NA,NA,NA,NA,NA,NA,NA,NA,NA,0,0,3,31,0,0,4,2,0,0,0,0,4,3,2,31,-0.25,14.5,-0.25,NA,14.5,NA
Ghana-2004,Ghana,2004,No,No,No,1,1,NA,NA,3.497,NA,3.395,NA,85.12,79.98,0,0,0,1,1,1,1,1,0,NA,0,8,3,4,4,1138.65837035507,139270000,18.0427388232565,NA,46.63,71.4970703125,5.418,15,2.649,1,0.334,1.803,0.4,0,1,0,0,1,2,0,0,6,3,0,0,0,0,6,1,3,2,-0.8333333333333334,-0.33333333333333337,-0.8333333333333334,NA,-0.33333333333333337,NA
Ghana-2008,Ghana,2008,No,No,No,1,1,7.55617,NA,3.855,NA,3.395,NA,72.91,69.84,0,1,1,1,1,1,1,1,0,NA,0,8,7,4,3,1319.17358896451,2714916343.69978,16.494639613412,NA,49.351,71.4970703125,5.546,6,2.935,1,0.334,1.803,0.364,0,1,0,0,2,5,0,0,0,0,0,0,1,0,0,2,0,5,NA,NA,NA,NA,NA,NA
Ghana-2012,Ghana,2012,No,No,No,1,1,NA,NA,3.581,60.892857,3.444,45.669643,80.15,82.2,0,0,1,1,0,1,1,1,1,1,0,8,11,4,3,1686.06954432207,3294520000,11.1863409441066,42.4,52.073,79.0396423339844,5.61,17.27,3.037,1,0.334,1.803,0.364,0,1,4,0,10,2,3,0,4,0,0,0,0,0,7,14,0,2,1,NA,1.5,0.33333333333333326,NA,NA
Ghana-2016,Ghana,2016,NA,NA,NA,1,1,8.03088,8.4,3.767,85,3.436,83.90625,67.55,70.88,0,1,1,1,1,1,1,1,0,NA,0,8,15,4,3,1793.1808558184,3485333369.27964,17.4546347070868,43.5,54.749,79.0396423339844,5.61,NA,3.018,1,0.334,1.803,0.364,0,1,5,0,19,15,24,0,12,6,0,0,2,0,36,24,6,15,-0.33333333333333337,1.5,0.5833333333333333,-0.7916666666666666,1.5,NA
Ghana-2020,Ghana,2020,NA,NA,NA,1,1,NA,NA,2.959,NA,3.198,NA,78.89,81.07,0,0,0,1,1,1,1,1,0,NA,NA,NA,NA,NA,4,2018.62406742516,1875782953.46905,9.88728956269943,NA,57.349,79.0396423339844,5.61,22.26,2.824,1,0.805,1.163,0.444,0,1,NA,NA,NA,NA,NA,NA,NA,NA,NA,NA,NA,NA,NA,NA,NA,NA,NA,NA,NA,NA,NA,NA
Guinea-2002,Guinea,2002,No,Yes,No,0,1,NA,NA,0.978,NA,0.389,NA,71.98,77.47,0,1,1,0,0,1,1,1,0,NA,0,-1,7,3,11,657.221781178507,30000000,NA,43,31.42,29.7040195465088,2.517,33.17,1.068,0,-0.173,-0.63,0,0,0,NA,NA,NA,NA,NA,NA,NA,NA,NA,NA,NA,NA,NA,NA,NA,NA,NA,NA,NA,NA,NA,NA
Guinea-2003,Guinea,2003,Yes,No,No,1,0,NA,NA,0.978,NA,0.857,NA,82.76,97.38,0,1,1,0,0,1,1,1,0,NA,0,-1,8,3,11,652.730667697803,78966000,NA,NA,31.698,29.7040195465088,2.621,24.5,1.085,0,-0.173,-0.63,0,0,0,NA,NA,NA,NA,NA,NA,NA,NA,NA,NA,NA,NA,NA,NA,NA,NA,NA,NA,NA,NA,NA,NA
Guinea-2010,Guinea,2010,Yes,No,No,1,0,NA,NA,2.155,NA,1.095,NA,67.87,54.94,0,1,1,1,1,1,1,1,1,1,0,1,0,3,10,689.256688654773,0,15.4619810737553,NA,33.678,25.3077392578125,3.347,NA,1.215,1,-0.173,-0.189,0,0,0,NA,NA,NA,NA,NA,NA,NA,NA,NA,NA,NA,NA,NA,NA,NA,NA,NA,NA,NA,NA,NA,NA
Guinea-2013,Guinea,2013,NA,NA,NA,0,1,NA,5.5,2.117,34.375,1.459,54.6875,63.53,62.99,0,0,1,1,1,1,1,1,1,1,0,4,0,3,10,749.870076465839,189999.999999999,11.8878956127303,NA,34.545,32.0038414001465,3.347,31.67,1.456,1,-0.173,-0.001,0,0,0,0,0,8,7,5,0,42,96,0,0,0,0,47,8,96,7,-0.8297872340425532,-0.9270833333333334,-0.8095238095238095,-1,-0.9270833333333334,NA
Guinea-2015,Guinea,2015,NA,NA,NA,1,0,NA,4.75,2.106,45.390625,1.459,41.40625,68.36,68.03,0,1,1,1,1,1,1,1,1,1,0,4,2,3,10,769.255475432822,53272458.4212994,10.8206821245734,NA,35.141,39.6176795959473,3.347,33.08,1.692,1,-0.173,-0.001,0,0,0,2,0,12,9,1,0,18,18,0,0,0,0,19,14,18,9,-0.26315789473684215,-0.5,-0.33333333333333337,1,-0.5,NA
Guinea-2020,Guinea,2020,NA,NA,NA,1,1,NA,NA,1.737,NA,1.185,NA,78.88,65.09,0,1,1,0,NA,1,1,1,1,1,NA,NA,NA,NA,10,984.008345016799,176350000,10.6018600008336,NA,36.875,39.6176795959473,3.347,34.34,0.878,1,-0.173,-0.097,0,0,0,NA,NA,NA,NA,NA,NA,NA,NA,NA,NA,NA,NA,NA,NA,NA,NA,NA,NA,NA,NA,NA,NA
Guinea-Bissau-2000,Guinea-Bissau,2000,Yes,No,No,NA,NA,NA,NA,NA,NA,NA,NA,NA,NA,0,1,0,1,1,1,1,1,0,NA,0,5,0,3,9,577.485664855301,702270.863,8.63632094930279,NA,36.243,41.3577690124512,NA,NA,NA,NA,NA,NA,NA,NA,NA,0,0,2,7,0,0,1,0,0,0,0,0,1,2,0,7,1,NA,1,NA,NA,NA
Guinea-Bissau-2004,Guinea-Bissau,2004,No,NA,No,0,1,NA,NA,2.858,NA,0.706,NA,74.34,65.21,0,1,0,1,1,1,1,1,0,NA,0,-1,1,3,8,552.284766541778,1915633.35188715,0.883302696930925,NA,37.772,45.5811614990234,NA,17,3.416,1,-0.5,0.511,0.5,0,0,0,0,0,0,0,0,2,5,1,0,0,0,2,0,5,0,-1,-1,-1,NA,-1,NA
Guinea-Bissau-2005,Guinea-Bissau,2005,Yes,No,No,1,0,NA,NA,2.824,NA,1.357,NA,87.63,66.84,0,0,0,1,1,1,1,1,0,NA,0,6,0,3,7,562.384855924713,8692468.08975684,3.32919922802853,NA,38.157,45.5811614990234,NA,14.5,3.245,1,-0.5,0.511,0.5,0,0,0,0,2,5,9,0,2,0,0,0,0,0,11,2,0,5,-0.8181818181818181,NA,0,-1,NA,NA
Guinea-Bissau-2008,Guinea-Bissau,2008,No,Yes,No,0,1,NA,NA,3.137,NA,1.357,NA,82,64.25,0,1,1,1,1,1,1,1,1,1,0,6,3,3,8,569.952835515209,6630074.02775762,10.4600731354706,NA,39.325,45.5811614990234,NA,23.5,2.86,1,-0.5,0.511,0.5,0,0,0,0,2,2,0,0,0,0,0,0,0,0,0,2,0,2,NA,NA,NA,NA,NA,NA
Guinea-Bissau-2009,Guinea-Bissau,2009,Yes,No,No,1,0,NA,NA,3.137,NA,1.357,NA,61.09,44.83,0,1,1,1,1,1,1,1,0,NA,0,6,4,4,8,574.470804651114,18890200,-1.65139733620775,NA,39.716,45.5811614990234,NA,18.25,3.084,1,-0.5,0.511,0.5,0,0,0,0,0,0,0,0,4,4,0,0,0,0,4,0,4,0,-1,-1,-1,NA,-1,NA
Guinea-Bissau-2012,Guinea-Bissau,2012,Yes,No,No,1,0,NA,NA,2.192,NA,0.979,NA,55,NA,0,1,1,1,1,1,1,1,0,NA,0,1,0,3,11,590.266056354685,6624917.19274534,2.13054580274495,NA,40.908,45.5811614990234,NA,28.94,2.999,1,-0.5,0.511,0.5,0,0,5,0,2,1,2,0,1,1,0,0,1,1,3,7,1,1,1.3333333333333335,0,1,1.5,0,NA
Guinea-Bissau-2014,Guinea-Bissau,2014,NA,NA,NA,1,1,NA,6.875,2.886,59.570312,0.904,56.953125,89.3,79.71,0,1,1,1,1,1,1,1,0,NA,0,6,0,4,10,583.566126204989,28852727.6882278,-1.50924460570499,NA,41.715,45.5811614990234,NA,28.7,2.796,1,-0.5,0.511,0.5,0,0,1,0,2,0,0,0,0,0,0,0,0,0,0,3,0,0,NA,NA,NA,NA,NA,NA
Guinea-Bissau-2019,Guinea-Bissau,2019,NA,NA,NA,1,1,NA,NA,2.866,NA,2.724,NA,84.69,68.93,0,0,0,1,1,1,1,1,0,NA,NA,NA,NA,NA,9,650.069382434149,71658680.3379902,0.246600268147853,NA,43.777,45.5811614990234,NA,30.95,2.76,1,-0.538,0.511,0.333,0,0,NA,NA,NA,NA,NA,NA,NA,NA,NA,NA,NA,NA,NA,NA,NA,NA,NA,NA,NA,NA,NA,NA
Ivory Coast-2000,Ivory Coast,2000,Yes,Yes,Yes,NA,NA,NA,NA,NA,NA,NA,NA,NA,NA,NA,NA,NA,NA,NA,NA,NA,NA,NA,NA,NA,NA,NA,NA,NA,NA,NA,NA,NA,NA,NA,NA,NA,NA,NA,NA,NA,NA,NA,NA,NA,NA,NA,NA,NA,NA,NA,NA,NA,NA,NA,NA,NA,NA,NA,NA,NA,NA,NA,NA,NA,NA
Ivory Coast-2001,Ivory Coast,2001,No,Yes,No,NA,NA,NA,NA,NA,NA,NA,NA,NA,NA,NA,NA,NA,NA,NA,NA,NA,NA,NA,NA,NA,NA,NA,NA,NA,NA,NA,NA,NA,NA,NA,NA,NA,NA,NA,NA,NA,NA,NA,NA,NA,NA,NA,NA,NA,NA,NA,NA,NA,NA,NA,NA,NA,NA,NA,NA,NA,NA,NA,NA,NA,NA
Ivory Coast-2010,Ivory Coast,2010,Yes,No,No,NA,NA,NA,NA,NA,NA,NA,NA,NA,NA,NA,NA,NA,NA,NA,NA,NA,NA,NA,NA,NA,NA,NA,NA,NA,NA,NA,NA,NA,NA,NA,NA,NA,NA,NA,NA,NA,NA,NA,NA,NA,NA,NA,NA,NA,NA,NA,NA,NA,NA,NA,NA,NA,NA,NA,NA,NA,NA,NA,NA,NA,NA
Ivory Coast-2011,Ivory Coast,2011,No,Yes,No,NA,NA,NA,NA,NA,NA,NA,NA,NA,NA,NA,NA,NA,NA,NA,NA,NA,NA,NA,NA,NA,NA,NA,NA,NA,NA,NA,NA,NA,NA,NA,NA,NA,NA,NA,NA,NA,NA,NA,NA,NA,NA,NA,NA,NA,NA,NA,NA,NA,NA,NA,NA,NA,NA,NA,NA,NA,NA,NA,NA,NA,NA
Ivory Coast-2012,Ivory Coast,2012,No,Yes,No,NA,NA,NA,NA,NA,NA,NA,NA,NA,NA,NA,NA,NA,NA,NA,NA,NA,NA,NA,NA,NA,NA,NA,NA,NA,NA,NA,NA,NA,NA,NA,NA,NA,NA,NA,NA,NA,NA,NA,NA,NA,NA,NA,NA,NA,NA,NA,NA,NA,NA,NA,NA,NA,NA,NA,NA,NA,NA,NA,NA,NA,NA
Ivory Coast-2015,Ivory Coast,2015,NA,NA,NA,NA,NA,NA,7.125,NA,64.33594,NA,70.97656,NA,NA,NA,NA,NA,NA,NA,NA,NA,NA,NA,NA,0,4,4,3,NA,NA,NA,NA,NA,NA,NA,NA,NA,NA,NA,NA,NA,NA,NA,NA,NA,NA,NA,NA,NA,NA,NA,NA,NA,NA,NA,NA,NA,NA,NA,NA,NA,NA,NA,NA,NA,NA
Ivory Coast-2016,Ivory Coast,2016,NA,NA,NA,NA,NA,NA,7.090909,NA,63.49432,NA,60.767044,NA,NA,NA,NA,NA,NA,NA,NA,NA,NA,NA,NA,NA,NA,NA,NA,NA,NA,NA,NA,NA,NA,NA,NA,NA,NA,NA,NA,NA,NA,NA,NA,NA,NA,NA,NA,NA,NA,NA,NA,NA,NA,NA,NA,NA,NA,NA,NA,NA,NA,NA,NA,NA,NA
Kenya-2002,Kenya,2002,Yes,Yes,Yes,1,1,NA,NA,2.851,NA,1.729,NA,57.18,38.51,0,0,1,1,1,1,1,1,0,NA,0,8,0,4,8,1132.48646104633,27618447.058206,1.96130821739159,NA,20.591,72.1570281982422,6.156,18.5,2.038,1,-0.357,-0.349,0.857,0,0,0,0,42,49,3,0,67,98,0,0,1,2,70,42,98,49,-0.4,-0.5,-0.3731343283582089,-1,-0.5,NA
Kenya-2007,Kenya,2007,No,No,No,1,1,NA,NA,1.298,NA,1.729,NA,69.09,54.49,0,0,0,1,1,1,1,1,1,1,0,7,5,3,7,1287.24979019727,729054666.996781,9.75888023027526,NA,22.42,72.1570281982422,6.346,21.25,0.06,1,-0.357,0.102,0.857,0,0,10,0,424,1145,13,0,96,64,1,0,18,9,109,434,64,1145,2.981651376146789,16.890625,3.416666666666667,-0.23076923076923073,16.890625,NA
Kenya-2013,Kenya,2013,NA,NA,NA,1,1,NA,4.428571,2.435,26.631945,1.857,54.86111,85.91,55.6,1,0,1,1,1,1,1,1,0,NA,0,9,11,4,8,1397.37865763256,1118819096.64435,5.71749357037732,NA,24.794,78.733039855957,6.46,30.7,2.141,1,-0.357,0.102,0.857,1,0,43,0,130,149,70,5,160,194,1,0,11,21,230,173,199,149,-0.24782608695652175,-0.25125628140703515,-0.1875,-0.3857142857142857,-0.2319587628865979,-1
Kenya-2017,Kenya,2017,NA,NA,NA,1,1,NA,4.3333335,1.942,40.651043,1.804,37.5,79.49,61.44,0,0,1,1,1,1,1,1,1,1,0,9,15,4,8,1510.58138508086,1266137282.66311,8.0057227913467,NA,26.562,81.5349731445313,6.46,31.2,1.852,1,-0.357,0.102,0.857,1,0,93,0,368,344,136,0,425,439,3,0,52,18,561,461,439,344,-0.17825311942959,-0.2164009111617312,-0.13411764705882356,-0.3161764705882353,-0.2164009111617312,NA
Lesotho-2002,Lesotho,2002,No,Yes,No,0,1,NA,NA,3.693,NA,2.794,NA,66.69,49.61,0,0,0,1,1,1,1,1,0,NA,0,8,9,4,5,746.9263337465,28390464.7236761,33.812578338126,51.6,20.597,75.8002014160156,5.579,17.75,3.115,1,0.849,0.598,0.333,0,0,NA,NA,NA,NA,NA,NA,NA,NA,NA,NA,NA,NA,NA,NA,NA,NA,NA,NA,NA,NA,NA,NA
Lesotho-2007,Lesotho,2007,No,Yes,No,0,1,NA,NA,2.921,NA,2.794,NA,49,38.63,0,0,0,1,1,1,1,1,1,1,0,8,5,3,5,911.628426714867,75616001.7238195,8.0124366904341,NA,23.304,75.8002014160156,6.21,29.5,2.703,1,0.849,0.598,0.333,0,0,0,0,0,0,0,0,1,1,0,0,0,0,1,0,1,0,-1,-1,-1,NA,-1,NA
Lesotho-2012,Lesotho,2012,No,Yes,No,0,1,NA,NA,3.151,NA,2.807,NA,50.04,50.32,0,0,0,1,1,1,1,1,0,NA,0,8,10,4,5,1096.82845605457,56653435.2330933,6.05143662139978,NA,25.704,76.6352005004883,6.589,28.36,2.901,1,0.849,0.598,0.333,0,0,0,0,3,2,2,0,9,4,0,0,0,0,11,3,4,2,-0.7272727272727273,-0.5,-0.6666666666666667,-1,-0.5,NA
Lesotho-2015,Lesotho,2015,NA,NA,NA,0,1,NA,7.3,2.98,78.295456,3.237,76.53409,46.61,49.77,NA,NA,NA,NA,NA,NA,NA,NA,NA,NA,0,8,13,4,6,1146.06468787308,206514459.900398,3.21844513655931,NA,26.908,76.6352005004883,6.589,28.78,2.773,1,0.898,0.661,0.333,0,0,0,0,0,0,1,0,2,1,0,0,0,0,3,0,1,0,-1,-1,-1,-1,-1,NA
Lesotho-2017,Lesotho,2017,NA,NA,NA,0,1,NA,7.25,2.906,74.583336,3.237,69.609375,46.37,48.07,NA,NA,NA,NA,NA,NA,NA,NA,NA,NA,0,8,15,4,6,1132.00926895142,42168784.1137567,4.44769937376299,44.9,27.73,76.6352005004883,6.589,28.78,2.752,1,0.898,0.661,0.222,0,0,0,0,1,1,0,0,0,0,0,0,0,0,0,1,0,1,NA,NA,NA,NA,NA,NA
Liberia-2005,Liberia,2005,Yes,Yes,Yes,1,1,NA,NA,2.959,NA,2.111,NA,76.49,70.6,0,0,0,1,1,1,1,1,0,NA,0,5,0,NA,8,553.567565392947,82802111.438061,10.8343588481414,NA,46.051,42.9410781860352,4.53,19,2.338,1,-1.333,-1.087,0.2,0,0,2,0,4,0,4,0,2,3,0,0,0,0,6,6,3,0,0,-1,1,-0.5,-1,NA
Liberia-2011,Liberia,2011,No,No,No,1,1,6.69627,NA,2.907,NA,2.84,NA,71.64,67.39,0,0,0,1,1,1,1,1,1,1,0,6,5,4,7,679.71463834094,2086006933.33333,8.48816751849397,NA,48.193,48.3013610839844,5.576,NA,2.322,1,-1.333,-0.967,0.2,0,0,9,0,37,2,7,0,22,38,1,0,0,0,29,46,38,2,0.5862068965517242,-0.9473684210526316,0.6818181818181819,0.2857142857142858,-0.9473684210526316,NA
Liberia-2014,Liberia,2014,NA,NA,NA,NA,NA,4.27617,NA,NA,NA,NA,NA,NA,NA,0,0,0,0,NA,1,1,1,0,NA,0,6,8,4,7,740.375959137082,501870828.620424,9.86111285574915,33.2,49.397,48.3013610839844,NA,30.78,NA,NA,NA,NA,NA,NA,NA,7,0,4,20,13,0,16,3,0,0,0,0,29,11,3,20,-0.6206896551724138,5.666666666666667,-0.75,-0.46153846153846156,5.666666666666667,NA
Liberia-2017,Liberia,2017,NA,NA,NA,1,1,NA,7,2.88,66.666664,2.499,56.145832,75.19,70.79,1,0,0,1,1,1,1,1,0,NA,0,6,11,4,6,692.20304237615,247842983.01405,12.4196323907137,NA,50.697,48.3013610839844,5.576,31.12,2.607,1,-1.333,-0.967,0.4,0,0,NA,NA,NA,NA,NA,NA,NA,NA,NA,NA,NA,NA,NA,NA,NA,NA,NA,NA,NA,NA,NA,NA
Liberia-2020,Liberia,2020,NA,NA,NA,NA,NA,NA,NA,NA,NA,NA,NA,NA,NA,0,1,1,1,1,1,1,1,0,NA,NA,NA,NA,NA,7,616.002692833527,86960000,NA,NA,52.089,48.3013610839844,NA,32.25,NA,NA,NA,NA,NA,NA,NA,NA,NA,NA,NA,NA,NA,NA,NA,NA,NA,NA,NA,NA,NA,NA,NA,NA,NA,NA,NA,NA,NA
Libya-2012,Libya,2012,No,Yes,No,0,1,NA,NA,3.119,NA,2.934,NA,61.58,48.72,0,0,1,1,1,1,1,1,1,0,3,0,0,NA,9,7401.48163524456,1425000000,6.05980392156861,NA,78.512,86.0999984741211,8.074,37.86,2.702,1,0.422,-0.846,NA,0,0,17,0,45,69,33,0,52,241,1,0,5,1,85,62,241,69,-0.2705882352941177,-0.7136929460580913,-0.13461538461538458,-0.48484848484848486,-0.7136929460580913,NA
Libya-2014,Libya,2014,NA,NA,NA,0,1,NA,NA,2.497,NA,2.136,NA,49.7,15.64,0,NA,1,1,1,1,1,1,1,0,3,0,0,NA,12,4801.83073062451,0,NA,NA,79.009,86.0999984741211,8.074,45.99,2.127,1,0.422,-0.846,NA,0,0,112,1,621,1661,99,0,418,600,3,0,9,10,517,733,600,1662,0.41779497098646035,1.77,0.4856459330143541,0.13131313131313127,1.7683333333333335,NA
Madagascar-2001,Madagascar,2001,Yes,No,No,1,0,NA,NA,1.816,NA,1.606,NA,66.85,56.42,0,0,0,0,NA,1,1,1,1,1,0,7,9,4,6,501.118462759593,93059224,7.91694484529585,47.4,27.391,58.9359397888184,3.779,22.8,2.072,1,-0.578,0.24,0.4,0,0,33,0,49,18,0,0,1,2,0,0,0,0,1,82,2,18,81,8,48,NA,8,NA
Madagascar-2002,Madagascar,2002,No,Yes,No,0,1,NA,NA,1.849,NA,1.606,NA,67.86,50.87,0,1,0,1,1,1,1,1,0,NA,0,7,10,4,7,425.739290517587,14661798.0720596,16.4985255315846,NA,27.663,58.9359397888184,3.818,8.17,2.122,0,-0.578,0.24,0.4,0,0,1,0,2,0,0,0,0,0,0,0,0,0,0,3,0,0,NA,NA,NA,NA,NA,NA
Madagascar-2006,Madagascar,2006,Yes,No,No,1,0,NA,NA,2.334,NA,1.606,NA,61.93,50.85,1,0,0,1,1,1,1,1,0,NA,0,7,8,4,7,482.334888265444,294681941.542683,10.7656371554866,NA,29.425,64.4809112548828,3.974,20,3.592,1,-0.578,0.24,0.6,0,0,0,0,1,1,2,0,2,0,0,0,0,0,4,1,0,1,-0.75,NA,-0.5,-1,NA,NA
Madagascar-2007,Madagascar,2007,No,Yes,No,0,1,NA,NA,2.334,NA,1.606,NA,NA,NA,0,1,1,1,1,1,1,1,0,NA,0,7,9,4,7,495.363132797691,789389724.084497,10.2879663187671,NA,30.043,64.4809112548828,4.013,21,3.619,1,-0.578,0.24,0.6,0,0,0,0,1,2,0,0,1,4,0,0,0,0,1,1,4,2,0,-0.5,0,NA,-0.5,NA
Madagascar-2013,Madagascar,2013,NA,NA,NA,1,1,NA,4.1875,2.113,49.316406,1.425,44.648438,61.76,42.12,0,0,1,0,NA,1,1,1,0,NA,0,3,0,4,9,462.707783869038,565848886.014277,5.82642944451989,NA,33.878,76.6796798706055,4.13,29.38,3.463,1,-0.935,0.24,0.2,0,0,15,0,48,48,13,1,49,184,0,0,6,1,62,63,185,48,0.016129032258064502,-0.7405405405405405,-0.020408163265306145,0.15384615384615374,-0.7391304347826086,-1
Madagascar-2018,Madagascar,2018,NA,NA,NA,1,0,NA,5,2.39,51.71875,1.648,37.65625,53.9,38.73,1,0,0,1,1,1,1,1,0,NA,0,6,4,3,7,480.888892539933,612036371.422122,8.59422958870474,NA,37.191,76.6796798706055,4.13,26.2,3.221,1,-0.577,0.24,0.2,0,0,10,0,63,92,1,0,14,26,0,0,0,0,15,73,26,92,3.8666666666666663,2.5384615384615383,3.5,9,2.5384615384615383,NA
Madagascar-2019,Madagascar,2019,NA,NA,NA,0,1,NA,NA,2.586,NA,1.535,NA,40,28.83,NA,0,1,1,0,1,1,1,NA,NA,NA,NA,NA,NA,6,488.939550444238,474311425.432437,5.61051441492366,NA,37.861,76.6796798706055,4.13,27.76,3.119,1,-0.935,0.24,0.4,0,0,NA,NA,NA,NA,NA,NA,NA,NA,NA,NA,NA,NA,NA,NA,NA,NA,NA,NA,NA,NA,NA,NA
Malawi-2004,Malawi,2004,No,No,No,1,1,NA,NA,1.637,NA,1.162,NA,63.59,58.46,0,0,1,1,1,1,1,1,1,1,0,6,10,4,8,287.272153872265,107811374.01292,11.4298060822124,39.9,14.964,61.3097190856934,4.316,22.75,1.737,1,0.759,0.364,0.333,0,0,0,0,0,0,0,0,5,2,0,0,0,0,5,0,2,0,-1,-1,-1,NA,-1,NA
Malawi-2009,Malawi,2009,No,No,No,1,1,NA,NA,3.046,NA,1.162,NA,78.28,73.93,0,0,1,1,1,1,1,1,0,NA,0,6,15,3,7,345.634998576379,49130371.2258416,8.42204427696655,NA,15.429,61.3097190856934,4.694,21,2.986,1,0.759,0.364,0.571,0,0,0,0,0,0,0,0,1,0,0,0,0,0,1,0,0,0,-1,NA,-1,NA,NA,NA
Malawi-2014,Malawi,2014,NA,NA,NA,1,1,6.55882,5.0666666,2.795,55,0.739,44.895832,70.75,64.66,0,1,1,1,1,1,1,1,1,1,0,6,20,3,7,380.588978300835,598086538.121966,23.7920649469687,NA,16.132,65.1453704833984,4.77,26.41,2.67,1,0.759,0.364,0.375,0,0,1,0,2,1,3,0,8,5,1,0,2,0,11,3,5,1,-0.7272727272727273,-0.8,-0.75,-0.6666666666666667,-0.8,NA
Malawi-2019,Malawi,2019,NA,NA,NA,1,1,NA,NA,1.911,NA,1.38,NA,74.44,52.83,0,0,0,1,1,1,1,1,0,NA,NA,NA,NA,NA,6,401.392672064444,55267849.6105514,9.37083605605672,38.5,17.174,62.1435394287109,4.77,29.36,2.223,1,0.678,0.115,0.5,0,0,NA,NA,NA,NA,NA,NA,NA,NA,NA,NA,NA,NA,NA,NA,NA,NA,NA,NA,NA,NA,NA,NA
Malawi-2020,Malawi,2020,NA,NA,NA,1,0,NA,NA,2.932,NA,1.148,NA,64.81,44.32,0,0,1,0,NA,1,1,1,0,NA,NA,NA,NA,NA,6,394.003162068529,45238933.7319548,8.62551469650552,NA,17.427,62.1435394287109,4.77,29.32,2.249,0,0.168,0.115,0.571,0,0,NA,NA,NA,NA,NA,NA,NA,NA,NA,NA,NA,NA,NA,NA,NA,NA,NA,NA,NA,NA,NA,NA
Mali-2002,Mali,2002,Yes,Yes,Yes,1,1,NA,NA,2.82,NA,2.841,NA,38.57,42.44,0,1,0,1,1,1,1,1,0,NA,0,5,10,4,5,640.797791206587,-12312977.4012381,5.03282275711195,NA,29.806,24,1.246,11,3.326,1,-0.022,0.413,0,0,0,0,0,2,10,2,0,0,0,0,0,0,0,2,2,0,10,0,NA,NA,-1,NA,NA
Mali-2007,Mali,2007,No,No,No,1,1,NA,NA,2.782,NA,2.635,NA,36.24,41.2,0,1,0,1,1,1,1,1,1,1,0,7,15,4,5,697.348626952466,206064771.413548,1.41200201714577,NA,33.612,31.0997505187988,1.411,7.5,3.088,1,-0.022,0.413,0,0,0,0,0,16,26,1,0,2,20,0,0,0,0,3,16,20,26,4.333333333333333,0.30000000000000004,7,-1,0.30000000000000004,NA
Mali-2013,Mali,2013,NA,NA,NA,1,1,NA,5.6363635,2.683,58.323864,2.124,66.704544,48.98,44.68,0,1,1,1,1,1,1,1,0,NA,0,5,0,4,9,700.697597211143,307853389.344622,-0.606736356351494,NA,38.398,33.0688896179199,1.51,36.29,2.419,1,-0.022,0.413,0,0,0,26,0,79,305,25,0,70,156,1,0,3,1,95,105,156,305,0.10526315789473695,0.9551282051282051,0.12857142857142856,0.040000000000000036,0.9551282051282051,NA
Mali-2018,Mali,2018,NA,NA,NA,1,0,NA,2.6666667,2.117,33.333332,1.888,41.875,42.7,40.92,NA,1,1,1,1,1,1,1,1,1,0,5,5,4,8,802.033618195994,467067198.107612,0.299546507387888,36.1,42.356,35.4737701416016,1.51,36.15,1.956,1,-0.022,0.413,0,0,0,44,0,125,300,16,0,168,590,20,0,9,18,184,169,590,300,-0.08152173913043481,-0.4915254237288136,-0.25595238095238093,1.75,-0.4915254237288136,NA
Mali-2020,Mali,2020,NA,NA,NA,0,1,NA,NA,2.537,NA,1.814,NA,35.58,30.56,0,1,1,0,NA,1,1,1,0,NA,NA,NA,NA,NA,11,781.731454762373,308101914.8,0.438088940320712,NA,43.909,30.7614097595215,1.51,34.12,1.994,1,0.833,0.417,0,0,0,NA,NA,NA,NA,NA,NA,NA,NA,NA,NA,NA,NA,NA,NA,NA,NA,NA,NA,NA,NA,NA,NA
Mauritania-2001,Mauritania,2001,No,Yes,No,0,1,NA,NA,1.538,NA,1.381,NA,54.45,47.3,1,0,1,1,1,1,1,1,0,NA,0,-6,39,2,10,1251.60665113414,76700000,4.7148963468961,NA,38.616,45.5037803649902,3.491,41.3,2.834,1,-0.168,-0.734,0.2,0,0,NA,NA,NA,NA,NA,NA,NA,NA,NA,NA,NA,NA,NA,NA,NA,NA,NA,NA,NA,NA,NA,NA
Mauritania-2003,Mauritania,2003,Yes,No,No,1,0,NA,NA,1.412,NA,1.381,NA,60.86,51.34,1,0,1,0,0,1,1,1,0,NA,0,-6,41,2,11,1283.32436320575,101957951.6,5.15190150769576,NA,40.351,45.5037803649902,3.712,51,2.891,0,-0.168,-0.734,0.2,0,0,0,0,0,0,0,0,4,1,0,0,0,0,4,0,1,0,-1,-1,-1,NA,-1,NA
Mauritania-2006,Mauritania,2006,No,Yes,No,0,1,NA,NA,2.497,NA,1.669,NA,73.42,54.73,1,0,0,1,1,1,1,1,0,NA,0,-3,0,2,9,1585.35622389914,154601638.1,6.24103328142821,NA,42.998,45.5037803649902,4.044,15.5,3.623,1,-0.168,-0.734,0.2,0,0,0,0,2,0,0,0,0,0,0,0,0,0,0,2,0,0,NA,NA,NA,NA,NA,NA
Mauritania-2007,Mauritania,2007,No,No,No,1,0,NA,NA,2.284,NA,1.669,NA,70.16,53.55,0,1,0,1,1,1,1,1,0,NA,0,4,0,0,8,1510.16501575824,139372822.3,7.25410841304886,NA,43.89,45.5037803649902,4.154,23.88,3.623,1,-0.168,-0.734,0.2,0,0,0,0,1,1,0,0,2,1,0,0,0,0,2,1,1,1,-0.5,0,-0.5,NA,0,NA
Mauritania-2009,Mauritania,2009,No,No,No,1,0,NA,NA,2.499,NA,1.669,NA,61.51,49.67,0,1,1,1,0,1,1,1,0,NA,0,-2,0,0,11,1421.88249993696,-3072044.396,2.2209203238178,NA,45.686,62.0687484741211,4.375,25.38,3.362,1,-0.168,-0.734,0.2,0,0,0,0,1,0,0,0,2,2,0,0,0,0,2,1,2,0,-0.5,-1,-0.5,NA,-1,NA
Mauritania-2013,Mauritania,2013,NA,NA,NA,0,1,NA,4.5,1.884,56.25,1.729,45.9375,78.22,56.41,1,0,1,0,NA,1,1,1,1,1,0,-2,4,0,11,1470.15338476285,1126004759.602,4.12910173783393,NA,49.306,62.0687484741211,4.486,26.53,3.425,1,-0.168,-0.734,0.2,0,0,16,0,14,0,11,0,7,0,0,0,0,0,18,30,0,0,0.6666666666666667,NA,1,0.4545454545454546,NA,NA
Mauritania-2014,Mauritania,2014,NA,NA,NA,1,0,NA,4.3333335,2.113,48.125,1.729,35.3125,56.46,40.32,0,0,1,1,0,1,1,1,1,1,0,-2,5,0,11,1488.77642201114,502589833.81816,3.53436856147326,32.6,50.203,53.4975891113281,4.486,25.27,3.483,1,-0.168,-0.734,0.2,0,0,7,0,1,0,6,0,1,0,0,0,0,0,7,8,0,0,0.1428571428571428,NA,0,0.16666666666666674,NA,NA
Mauritania-2018,Mauritania,2018,NA,NA,NA,0,1,NA,3,2.158,28.125,1.834,43.75,72.46,48.34,1,0,1,1,0,1,1,1,NA,NA,0,-2,9,0,11,1575.3121704313,772890477.2,3.04891482875157,NA,53.672,53.4975891113281,4.486,29.09,3.29,1,-0.168,-0.734,0.167,0,0,19,0,17,1,16,0,6,4,1,0,0,0,22,36,4,1,0.6363636363636365,-0.75,1.8333333333333335,0.1875,-0.75,NA
Mauritania-2019,Mauritania,2019,NA,NA,NA,1,0,NA,NA,2.238,NA,2.265,NA,62.66,44.29,0,0,1,1,0,1,1,1,1,1,NA,NA,NA,NA,10,1620.99499563766,-883561115.825519,2.30009262117938,NA,54.507,53.4975891113281,4.486,31.65,3.384,1,0.65,-0.842,0.2,0,0,NA,NA,NA,NA,NA,NA,NA,NA,NA,NA,NA,NA,NA,NA,NA,NA,NA,NA,NA,NA,NA,NA
Mauritius-2000,Mauritius,2000,No,Yes,No,NA,NA,NA,NA,NA,NA,NA,NA,NA,NA,1,0,0,1,0,1,1,1,0,NA,0,10,32,5,3,5533.97691894614,265641239.441185,4.19928825622807,NA,42.67,84.303092956543,NA,NA,NA,NA,NA,NA,NA,NA,NA,NA,NA,NA,NA,NA,NA,NA,NA,NA,NA,NA,NA,NA,NA,NA,NA,NA,NA,NA,NA,NA,NA
Mauritius-2005,Mauritius,2005,No,Yes,No,0,1,NA,NA,3.837,NA,3.521,NA,81.25,75.34,1,0,0,1,0,1,1,1,0,NA,0,10,37,5,2,6316.44296053055,41776995.7786911,4.93717004981784,NA,42.112,89.2498397827148,7.53,8,3.64,1,2.7,2.065,0.333,1,0,NA,NA,NA,NA,NA,NA,NA,NA,NA,NA,NA,NA,NA,NA,NA,NA,NA,NA,NA,NA,NA,NA
Mauritius-2010,Mauritius,2010,No,Yes,No,0,1,NA,NA,3.551,NA,3.773,NA,77.82,72.63,0,0,0,1,0,1,1,1,0,NA,0,10,42,5,3,7817.84111888619,429941788.7,2.93236301369863,NA,41.555,89.2498397827148,7.828,NA,3.749,1,2.7,2.065,0.333,1,0,NA,NA,NA,NA,NA,NA,NA,NA,NA,NA,NA,NA,NA,NA,NA,NA,NA,NA,NA,NA,NA,NA
Mauritius-2014,Mauritius,2014,NA,NA,NA,0,1,7.6893,8.5,3.866,78.59375,3.773,77.53125,74.41,71.23,1,0,0,1,1,1,1,1,0,NA,0,10,46,5,3,8954.55747482616,455562151.8,3.21769191994683,NA,41.111,92.4747619628906,7.828,27.69,3.776,1,2.7,2.065,0.333,1,0,NA,NA,NA,NA,NA,NA,NA,NA,NA,NA,NA,NA,NA,NA,NA,NA,NA,NA,NA,NA,NA,NA
Mauritius-2019,Mauritius,2019,NA,NA,NA,0,1,NA,NA,2.346,NA,2.879,NA,77.01,69.45,1,0,0,1,0,1,1,1,0,NA,NA,NA,NA,NA,3,10643.7710785616,471422103.4,0.405655190309511,NA,40.766,91.3253936767578,7.828,28.46,3.886,1,2.7,2.065,0.4,1,0,NA,NA,NA,NA,NA,NA,NA,NA,NA,NA,NA,NA,NA,NA,NA,NA,NA,NA,NA,NA,NA,NA
Morocco-2002,Morocco,2002,No,Yes,No,0,1,NA,NA,2.391,NA,2.705,NA,51.61,39.98,1,0,0,0,NA,1,1,1,0,NA,0,-6,37,2,10,1905.07201479133,480355698.049863,2.79561966936937,NA,53.99,52.3062591552734,3.838,39.67,3.234,0,0.631,0.096,0,0,0,2,0,1,0,0,0,1,0,0,0,0,0,1,3,0,0,2,NA,0,NA,NA,NA
Morocco-2007,Morocco,2007,No,Yes,No,0,1,NA,NA,2.089,NA,2.845,NA,37,27.83,0,0,0,1,1,1,1,1,0,NA,0,-6,42,2,9,2294.51405978261,2825801376.44064,2.04208512673349,NA,56.317,55.1479187011719,4.183,32.25,3.074,1,0.631,0.096,0.143,0,0,0,0,2,0,0,0,5,0,0,0,0,0,5,2,0,0,-0.6,NA,-0.6,NA,NA,NA
Morocco-2011,Morocco,2011,No,Yes,No,0,1,3.31954,NA,2.215,NA,2.845,NA,45.4,28.65,1,0,0,1,1,1,1,1,0,NA,0,-4,46,2,9,2631.45419171615,2521362080.65559,0.906924909691796,NA,58.581,67.0841598510742,4.39,NA,3.052,1,0.631,0.096,0.143,0,0,11,0,7,0,29,0,8,8,0,0,0,0,37,18,8,0,-0.5135135135135135,-1,-0.125,-0.6206896551724138,-1,NA
Morocco-2016,Morocco,2016,NA,NA,NA,0,1,2.06772,6,2.419,56.40625,2.79,71.5625,43,29.2,0,0,0,1,1,1,1,1,0,NA,0,-4,51,2,9,2867.01576143127,2153363904.93515,1.63531114327061,NA,61.36,73.7500076293945,4.39,NA,2.784,1,0.631,0.096,0.143,0,0,47,0,11,0,9,0,6,1,0,0,0,0,15,58,1,0,2.8666666666666667,-1,0.8333333333333333,4.222222222222222,-1,NA
Morocco-2021,Morocco,2021,NA,NA,NA,0,1,NA,NA,2.142,NA,3.236,NA,50.18,35.94,NA,NA,NA,NA,NA,NA,NA,NA,NA,NA,NA,NA,NA,NA,NA,NA,NA,NA,NA,NA,NA,4.39,43.94,2.945,1,0.631,0.202,NA,0,0,NA,NA,NA,NA,NA,NA,NA,NA,NA,NA,NA,NA,NA,NA,NA,NA,NA,NA,NA,NA,NA,NA
Mozambique-2004,Mozambique,2004,No,No,No,1,1,NA,NA,2.611,NA,1.292,NA,36.42,35.63,1,0,0,1,1,1,1,1,0,NA,0,5,10,4,7,370.340959204675,475513572.8,NA,NA,29.818,50.5838088989258,2.506,10.5,1.902,1,-0.867,-0.116,0.167,0,0,0,0,7,0,0,0,14,0,0,0,0,0,14,7,0,0,-0.5,NA,-0.5,NA,NA,NA
Mozambique-2009,Mozambique,2009,No,No,No,1,1,NA,NA,2.104,NA,1.242,NA,44.63,42.68,1,0,0,1,1,1,1,1,0,NA,0,5,15,4,7,463.119488172972,930100407.78,3.78861330914626,NA,31.328,50.5838088989258,2.651,26.5,2.184,1,-0.867,-0.116,0.167,0,0,0,0,6,0,2,0,26,0,0,0,0,0,28,6,0,0,-0.7857142857142857,NA,-0.7692307692307692,-1,NA,NA
Mozambique-2014,Mozambique,2014,NA,NA,NA,1,1,4.27085,3.875,2.141,32.890625,1.343,37.109375,48.84,44.87,0,0,1,1,1,1,1,1,1,1,0,5,20,4,7,568.591334304366,4998799334.35621,2.55974875844296,54,33.878,56.0390014648438,2.68,29.98,2.167,1,-0.926,-0.116,0.167,0,0,4,0,4,1,6,0,34,3,0,0,6,0,40,8,3,1,-0.8,-0.6666666666666667,-0.8823529411764706,-0.33333333333333337,-0.6666666666666667,NA
Mozambique-2019,Mozambique,2019,NA,NA,NA,1,1,NA,NA,1.997,NA,1.035,NA,51.41,49.92,0,0,1,1,1,1,1,1,0,NA,NA,NA,NA,NA,9,598.813305872187,2180768236.13929,2.78110631182942,NA,36.528,60.6554298400879,2.68,32.66,2.043,1,-0.926,-0.355,0.167,0,0,NA,NA,NA,NA,NA,NA,NA,NA,NA,NA,NA,NA,NA,NA,NA,NA,NA,NA,NA,NA,NA,NA
Namibia-2004,Namibia,2004,Yes,No,No,1,1,NA,NA,3.214,NA,2.732,NA,85.47,80.85,0,0,0,1,0,1,1,1,0,NA,0,6,14,4,5,3647.40385809883,223561311.215728,4.13663213144747,NA,35.666,76.4865875244141,5.986,5.5,2.706,1,0.754,0.936,0.667,0,0,NA,NA,NA,NA,NA,NA,NA,NA,NA,NA,NA,NA,NA,NA,NA,NA,NA,NA,NA,NA,NA,NA
Namibia-2009,Namibia,2009,No,No,No,1,1,NA,NA,3.098,NA,2.655,NA,NA,67.62,0,0,0,0,1,1,1,1,0,NA,0,6,19,4,4,3982.22639402583,829054473.358439,9.45172651521703,61,40.601,88.2746276855469,6.103,7,2.668,1,0.888,0.936,0.667,0,0,0,0,1,0,3,0,2,0,0,0,0,0,5,1,0,0,-0.8,NA,-0.5,-1,NA,NA
Namibia-2014,Namibia,2014,NA,NA,NA,1,1,6.68094,6.714286,3.357,67.76786,2.981,79.33036,71.76,73.875,0,0,0,1,0,1,1,1,0,NA,0,6,24,4,4,4782.0319396591,445582247.859427,5.35016966859592,NA,45.826,91.5272674560547,6.126,12.5,3.096,1,0.888,0.936,0.667,0,0,10,0,6,0,16,0,1,0,0,0,0,0,17,16,0,0,-0.05882352941176472,NA,5,-0.375,NA,NA
Namibia-2019,Namibia,2019,NA,NA,NA,1,1,NA,NA,2.493,NA,3.164,NA,60.38,55.44,0,1,1,1,1,1,1,1,0,NA,NA,NA,NA,NA,4,4506.17392778272,-176478261.583527,3.72239414422688,NA,51.042,91.5272674560547,6.126,18.95,3.503,1,1.043,0.936,0.667,0,0,NA,NA,NA,NA,NA,NA,NA,NA,NA,NA,NA,NA,NA,NA,NA,NA,NA,NA,NA,NA,NA,NA
Niger-2004,Niger,2004,Yes,Yes,Yes,1,1,NA,NA,3.393,NA,3.141,NA,48.25,46.7,0,1,1,1,1,1,1,1,0,NA,0,6,5,4,6,397.592403829674,24411286.9008512,0.262543757292846,NA,16.247,28.672420501709,1.142,13,3.481,1,1.584,1.398,0,0,0,0,0,3,0,2,0,9,10,0,0,0,0,11,3,10,0,-0.7272727272727273,-1,-0.6666666666666667,-1,-1,NA
Niger-2009,Niger,2009,No,Yes,No,0,1,NA,NA,2.137,NA,3.141,NA,51.27,48.33,0,0,1,0,NA,1,1,1,0,NA,0,-3,0,2,9,424.326789415881,633819197.134754,0.582906590801125,NA,16.225,30.5603904724121,1.282,28.5,3.074,0,1.584,1.398,0,0,0,1,0,5,16,0,0,3,0,0,0,0,0,3,6,0,16,1,NA,0.6666666666666667,NA,NA,NA
Niger-2011,Niger,2011,No,Yes,No,1,1,7.12518,NA,2.389,NA,3.317,NA,50.4,46.44,0,0,0,1,1,1,1,1,0,NA,0,6,0,4,7,436.549667993363,1067186136.05029,2.94238514013317,31.5,16.216,30.5603904724121,1.31,NA,3.408,1,1.518,1.398,0.125,0,0,1,0,0,0,0,0,4,4,0,0,0,0,4,1,4,0,-0.75,-1,-1,NA,-1,NA
Niger-2016,Niger,2016,NA,NA,NA,1,1,5.48249,6,2.156,65.78125,3.13,42.8125,66.27,61.25,0,0,1,1,1,1,1,1,0,NA,0,5,5,4,8,492.563968122591,301332480.592526,1.65388922387803,NA,16.29,35.0499992370605,1.31,NA,3.242,1,1.518,1.398,0.125,0,0,2,0,48,156,4,0,25,65,0,0,1,0,29,50,65,156,0.7241379310344827,1.4,0.9199999999999999,-0.5,1.4,NA
Niger-2020,Niger,2020,NA,NA,NA,1,1,NA,NA,2.492,NA,3.144,NA,69.67,53.91,0,1,1,1,0,1,1,1,0,NA,NA,NA,NA,NA,8,522.555583132809,360653574.571153,2.89819376026271,NA,16.626,35.0499992370605,1.31,28.25,2.922,NA,1.02,0.994,0.125,0,0,NA,NA,NA,NA,NA,NA,NA,NA,NA,NA,NA,NA,NA,NA,NA,NA,NA,NA,NA,NA,NA,NA
Niger-2021,Niger,2021,NA,NA,NA,1,0,NA,NA,2.606,NA,2.711,NA,62.91,48.68,NA,NA,NA,NA,NA,NA,NA,NA,NA,NA,NA,NA,NA,NA,NA,NA,NA,NA,NA,NA,NA,1.31,28.44,2.527,1,1.156,0.958,NA,0,0,NA,NA,NA,NA,NA,NA,NA,NA,NA,NA,NA,NA,NA,NA,NA,NA,NA,NA,NA,NA,NA,NA
Nigeria-2003,Nigeria,2003,Yes,Yes,Yes,1,1,NA,NA,1.287,NA,0.821,NA,69.08,65.33,0,0,1,1,1,1,1,1,0,NA,0,4,4,0,8,1763.69397985795,2005353563.06398,14.0317836131437,40.1,37.356,54.7731781005859,4.137,37.75,1.59,1,0.452,-0.613,0.357,0,0,8,0,90,527,4,0,147,881,0,0,0,0,151,98,881,527,-0.3509933774834437,-0.40181611804767314,-0.3877551020408163,1,-0.40181611804767314,NA
Nigeria-2007,Nigeria,2007,No,No,No,1,1,NA,NA,1.164,NA,0.877,NA,57.49,49.85,0,0,1,1,1,1,1,1,1,1,0,4,8,0,8,2089.77715420856,6036021404.82071,5.38800796858625,NA,40.819,51.0776596069336,4.333,37.75,1.877,1,0.452,-0.613,0.333,0,0,2,0,105,209,4,0,101,130,0,0,5,4,105,107,130,209,0.01904761904761898,0.6076923076923078,0.03960396039603964,-0.5,0.6076923076923078,NA
Nigeria-2011,Nigeria,2011,No,No,No,1,1,6.04093,NA,2.562,NA,1.047,NA,53.68,48.32,1,0,0,1,1,1,1,1,0,NA,0,4,12,0,8,2464.3450444746,8841062050.7726,10.8400275418866,NA,44.366,62.0160102844238,4.48,NA,1.539,1,0.452,-0.712,0.333,0,0,8,0,209,3021,15,0,189,499,1,0,7,4,204,217,499,3021,0.06372549019607843,5.054108216432866,0.10582010582010581,-0.4666666666666667,5.054108216432866,NA
Nigeria-2015,Nigeria,2015,NA,NA,NA,1,1,NA,6.3333335,2.746,70.486115,1.586,67.482635,43.7,32.1,0,0,1,1,1,1,1,1,0,NA,0,7,0,4,9,2687.48005643212,3064168904.45333,9.00938718326781,NA,47.838,62.0160102844238,4.48,35.9,2.398,1,0.452,-0.712,0.333,0,0,147,3,296,1406,157,3,403,6271,2,0,8,63,560,443,6274,1409,-0.20892857142857146,-0.775422378068218,-0.2655086848635235,-0.06369426751592355,-0.7757933343964281,0
Nigeria-2019,Nigeria,2019,NA,NA,NA,1,1,NA,NA,2.528,NA,1.404,NA,34.75,26.87,0,0,1,1,1,1,1,1,1,1,NA,NA,NA,NA,9,2502.652281009,2305099811.70358,11.3967949687168,NA,51.157,62.0160102844238,4.48,36.5,2.04,1,0.535,-0.712,0.385,0,0,NA,NA,NA,NA,NA,NA,NA,NA,NA,NA,NA,NA,NA,NA,NA,NA,NA,NA,NA,NA,NA,NA
Republic of the Congo-2002,Republic of the Congo,2002,NA,NA,NA,1,1,NA,NA,1.365,NA,1.697,NA,74.7,86.59,NA,NA,NA,NA,NA,NA,NA,NA,NA,NA,NA,NA,NA,NA,NA,NA,NA,NA,NA,NA,NA,5.714,NA,2.028,1,-0.978,-1.688,0.25,0,0,0,0,43,0,0,0,55,0,0,0,1,0,55,43,0,0,-0.21818181818181814,NA,-0.21818181818181814,NA,NA,NA
Republic of the Congo-2007,Republic of the Congo,2007,NA,NA,NA,0,1,NA,NA,1.354,NA,1.697,NA,NA,NA,NA,NA,NA,NA,NA,NA,NA,NA,NA,NA,NA,NA,NA,NA,NA,NA,NA,NA,NA,NA,NA,5.796,NA,1.686,1,-0.757,-1.688,0.25,0,0,0,0,4,30,0,0,0,0,0,0,0,0,0,4,0,30,NA,NA,NA,NA,NA,NA
Republic of the Congo-2009,Republic of the Congo,2009,NA,NA,NA,1,0,NA,NA,1.806,NA,1.697,NA,66.4,72.56,NA,NA,NA,NA,NA,NA,NA,NA,NA,NA,NA,NA,NA,NA,NA,NA,NA,NA,NA,NA,NA,5.829,NA,2,1,-0.757,-1.688,0.25,0,0,1,0,3,0,0,0,0,0,0,0,0,0,0,4,0,0,NA,NA,NA,NA,NA,NA
Republic of the Congo-2012,Republic of the Congo,2012,NA,NA,NA,0,1,NA,NA,1.234,NA,1.697,NA,NA,NA,NA,NA,NA,NA,NA,NA,NA,NA,NA,NA,NA,NA,NA,NA,NA,NA,NA,NA,NA,NA,NA,5.845,NA,1.43,1,-0.757,-1.688,0.25,0,0,0,0,3,1,4,0,1,1,0,0,0,0,5,3,1,1,-0.4,0,2,-1,0,NA
Republic of the Congo-2016,Republic of the Congo,2016,NA,NA,NA,1,0,NA,NA,0.672,NA,2.053,NA,67.58,55.84,NA,NA,NA,NA,NA,NA,NA,NA,NA,NA,NA,NA,NA,NA,NA,NA,NA,NA,NA,NA,NA,5.845,NA,1.426,1,-0.757,-1.688,0.25,0,0,5,0,15,47,0,0,1,0,0,0,0,0,1,20,0,47,19,NA,14,NA,NA,NA
Republic of the Congo-2017,Republic of the Congo,2017,NA,NA,NA,0,1,NA,NA,0.92,NA,2.053,NA,42.23,35.83,NA,NA,NA,NA,NA,NA,NA,NA,NA,NA,NA,NA,NA,NA,NA,NA,NA,NA,NA,NA,NA,5.845,NA,1.346,1,-0.757,-1.688,0.25,0,0,2,0,1,0,2,0,9,9,0,0,0,0,11,3,9,0,-0.7272727272727273,-1,-0.8888888888888888,0,-1,NA
Republic of the Congo-2021,Republic of the Congo,2021,NA,NA,NA,1,0,NA,NA,0.804,NA,2.053,NA,67.17,62.37,NA,NA,NA,NA,NA,NA,NA,NA,NA,NA,NA,NA,NA,NA,NA,NA,NA,NA,NA,NA,NA,5.845,NA,1.782,1,-1.265,-1.75,NA,0,0,NA,NA,NA,NA,NA,NA,NA,NA,NA,NA,NA,NA,NA,NA,NA,NA,NA,NA,NA,NA,NA,NA
Rwanda-2003,Rwanda,2003,Yes,Yes,Yes,1,1,NA,NA,1.193,NA,2.893,NA,96.5,89.92,0,1,1,1,1,1,1,1,0,NA,0,-3,9,2,11,401.359830794228,4700000,7.44970014007364,NA,16.904,65.8522720336914,2.986,37.25,2.252,1,0.479,-1.329,0.333,0,0,2,0,3,3,0,0,0,0,0,0,0,0,0,5,0,3,NA,NA,NA,NA,NA,NA
Rwanda-2008,Rwanda,2008,No,Yes,No,0,1,NA,NA,1.641,NA,2.998,NA,98.5,93.6,1,0,0,1,1,0,1,1,0,NA,0,-3,14,2,11,553.83044070032,102289999.9,15.4382138709255,NA,16.925,65.8522720336914,3.337,64.67,3.444,1,0.479,-1.329,0.333,0,0,5,0,2,7,0,0,2,1,0,0,0,0,2,7,1,7,2.5,6,0,NA,6,NA
Rwanda-2010,Rwanda,2010,Yes,No,No,1,0,NA,NA,1.619,NA,3.192,NA,97.51,89.17,1,0,1,1,1,0,1,1,1,0,0,-4,16,2,11,599.207426191632,216192556.81734,-0.246128693436925,47.2,16.934,65.8522720336914,3.478,NA,3.311,1,0.479,-1.329,0.333,1,0,0,0,11,9,1,0,14,4,0,0,0,0,15,11,4,9,-0.2666666666666667,1.25,-0.2142857142857143,-1,1.25,NA
Rwanda-2013,Rwanda,2013,NA,NA,NA,0,1,NA,6.714286,1.453,65.17857,3.192,77.27679,98.8,99.38,1,0,1,1,0,1,1,1,0,NA,0,-3,19,2,11,683.401662015589,233763793.607834,5.92426867984847,45.1,16.947,70.8041305541992,3.478,56.57,3.59,1,0.479,-1.329,0.333,1,0,0,0,2,1,0,0,11,6,0,0,0,0,11,2,6,1,-0.8181818181818181,-0.8333333333333334,-0.8181818181818181,NA,-0.8333333333333334,NA
Rwanda-2017,Rwanda,2017,NA,NA,NA,1,0,NA,4.4,1.522,56.25,3.192,82.6875,98.15,109.1,1,0,1,1,0,1,1,1,0,NA,0,-3,23,2,12,785.304633661092,274025990.659944,8.27953672260826,NA,17.125,73.2155914306641,3.478,54.11,3.606,1,0.479,-1.329,0.333,1,0,2,0,1,0,0,0,1,1,0,0,0,0,1,3,1,0,2,-1,0,NA,-1,NA
Rwanda-2018,Rwanda,2018,NA,NA,NA,0,1,NA,5.571429,1.521,63.392857,3.192,68.39286,93.04,104.31,1,0,1,1,0,1,1,1,0,NA,0,-3,24,2,12,830.429341227361,366192315.50624,-0.311210160390642,NA,17.211,73.2155914306641,3.478,52.9,3.609,1,0.479,-1.329,0.333,1,0,2,0,1,0,2,0,4,8,0,0,0,0,6,3,8,0,-0.5,-1,-0.75,0,-1,NA
Senegal-2000,Senegal,2000,Yes,No,No,NA,NA,NA,NA,NA,NA,NA,NA,NA,NA,1,0,0,1,NA,1,1,1,0,NA,0,8,0,4,7,1066.6216449114,81643690.1235187,0.731981981981545,NA,40.32,39.2752494812012,NA,NA,NA,NA,NA,NA,NA,NA,NA,0,0,24,53,0,0,35,34,0,0,3,0,35,24,34,53,-0.3142857142857143,0.5588235294117647,-0.3142857142857143,NA,0.5588235294117647,NA
Senegal-2001,Senegal,2001,No,Yes,No,0,1,NA,NA,3.653,NA,2.921,NA,67.26,40.99,1,0,0,1,1,1,1,1,0,NA,0,8,1,4,7,1086.17631418466,45083429.813955,2.97450083919572,41.2,40.464,39.2752494812012,2.612,14,2.272,1,1.276,1.608,0.2,0,0,0,0,24,34,2,0,15,65,0,0,2,1,17,24,65,34,0.41176470588235303,-0.4769230769230769,0.6000000000000001,-1,-0.4769230769230769,NA
Senegal-2007,Senegal,2007,No,No,No,1,1,NA,NA,3.402,NA,2.921,NA,70.62,55.11,0,0,1,1,0,1,1,1,0,NA,0,7,7,4,5,1132.00668175676,351458732.442619,5.85330428467685,NA,42.535,48.0367813110352,2.864,19,2.838,1,1.276,1.608,0.2,0,0,0,0,6,2,1,0,22,8,0,0,1,1,23,6,8,2,-0.7391304347826086,-0.75,-0.7272727272727273,-1,-0.75,NA
Senegal-2012,Senegal,2012,Yes,No,No,1,1,NA,NA,3.721,NA,2.921,NA,57.12,44.83,0,0,1,1,1,1,1,1,0,NA,0,7,12,4,5,1146.17806362529,276159533.004474,1.41822871177848,NA,44.603,43.5345001220703,2.99,26.19,1.948,1,1.276,1.608,0.2,0,0,6,0,18,10,27,0,56,58,1,0,0,0,83,24,58,10,-0.7108433734939759,-0.8275862068965517,-0.6785714285714286,-0.7777777777777778,-0.8275862068965517,NA
Senegal-2017,Senegal,2017,NA,NA,NA,0,1,NA,5,3.602,50,2.615,54.791668,53.66,43.94,0,0,1,1,0,1,1,1,1,0,0,7,17,4,4,1316.84468769724,588292997.958708,1.31815314847782,NA,46.74,51.9004211425781,2.99,26.72,2.723,1,1.276,1.608,0.4,0,0,6,0,5,0,9,0,6,0,0,0,1,0,15,11,0,0,-0.2666666666666667,NA,-0.16666666666666663,-0.33333333333333337,NA,NA
Senegal-2019,Senegal,2019,NA,NA,NA,1,0,NA,NA,3.827,NA,2.615,NA,66.27,54.87,1,0,1,1,1,1,1,1,0,NA,NA,NA,NA,NA,6,1381.60179276297,1065462820,1.75856517595659,NA,47.653,51.9004211425781,2.99,25.81,3.227,1,1.276,1.608,0.4,0,0,NA,NA,NA,NA,NA,NA,NA,NA,NA,NA,NA,NA,NA,NA,NA,NA,NA,NA,NA,NA,NA,NA
Seychelles-2001,Seychelles,2001,NA,NA,NA,1,0,NA,NA,2.512,NA,2.517,NA,93.25,97.85,0,0,1,1,1,1,1,1,1,0,NA,NA,NA,NA,6,10688.7326089927,64740256.5069248,5.96962204168156,NA,50.646,91.8364562988281,9.9,20.8,3.153,1,2.016,0.547,0,0,0,NA,NA,NA,NA,NA,NA,NA,NA,NA,NA,NA,NA,NA,NA,NA,NA,NA,NA,NA,NA,NA,NA
Seychelles-2002,Seychelles,2002,NA,NA,NA,0,1,NA,NA,2.512,NA,2.517,NA,84.52,98.12,0,0,0,1,1,1,1,1,0,NA,NA,NA,NA,NA,6,10492.6148302017,47717748.0672259,0.174999999999919,NA,50.876,91.8364562988281,9.956,26.75,3.151,0,2.016,0.547,0,0,0,NA,NA,NA,NA,NA,NA,NA,NA,NA,NA,NA,NA,NA,NA,NA,NA,NA,NA,NA,NA,NA,NA
Seychelles-2006,Seychelles,2006,NA,NA,NA,1,0,NA,NA,2.665,NA,2.517,NA,88.69,97.08,0,NA,0,1,1,1,1,1,NA,NA,NA,NA,NA,NA,6,11322.4146604222,140555693.466973,-0.353465498693739,NA,51.969,93.954231262207,10.181,33,3.096,1,2.016,0.547,0,0,0,NA,NA,NA,NA,NA,NA,NA,NA,NA,NA,NA,NA,NA,NA,NA,NA,NA,NA,NA,NA,NA,NA
Seychelles-2007,Seychelles,2007,NA,NA,NA,0,1,NA,NA,2.665,NA,2.517,NA,85.9,93.49,1,0,0,1,1,1,1,1,0,NA,NA,NA,NA,NA,6,12438.7090287296,175923646.509835,5.32060027285136,NA,52.285,93.954231262207,10.237,15.5,3.096,0,2.016,0.547,0,0,0,NA,NA,NA,NA,NA,NA,NA,NA,NA,NA,NA,NA,NA,NA,NA,NA,NA,NA,NA,NA,NA,NA
Seychelles-2011,Seychelles,2011,NA,NA,NA,1,1,NA,NA,2.669,NA,2.868,NA,85.26,92.6,1,0,1,1,1,1,1,1,0,NA,NA,NA,NA,NA,6,13380.9551673594,143240665.103455,2.5592677223095,NA,53.72,95.8677062988281,10.405,NA,2.972,1,2.016,0.547,0,0,0,NA,NA,NA,NA,NA,NA,NA,NA,NA,NA,NA,NA,NA,NA,NA,NA,NA,NA,NA,NA,NA,NA
Seychelles-2015,Seychelles,2015,NA,NA,NA,1,0,NA,NA,3.09,NA,2.868,NA,90.06,91.4,1,0,0,1,1,1,1,1,0,NA,NA,NA,NA,NA,6,14745.3414620288,105893597.203315,4.0419441072562,NA,55.4,95.8677062988281,10.405,30.6,3.068,0,2.016,0.547,0,0,0,NA,NA,NA,NA,NA,NA,NA,NA,NA,NA,NA,NA,NA,NA,NA,NA,NA,NA,NA,NA,NA,NA
Seychelles-2016,Seychelles,2016,NA,NA,NA,0,1,NA,NA,3.127,NA,3.088,NA,87.6,89,1,0,0,1,0,1,1,1,NA,NA,NA,NA,NA,NA,6,15213.2509905194,40854189.696835,-1.01548191697644,NA,55.831,95.8677062988281,10.405,NA,3.068,1,2.016,0.547,0,0,0,NA,NA,NA,NA,NA,NA,NA,NA,NA,NA,NA,NA,NA,NA,NA,NA,NA,NA,NA,NA,NA,NA
Seychelles-2020,Seychelles,2020,NA,NA,NA,1,1,NA,NA,3.738,NA,3.592,NA,88.45,88.83,0,1,0,1,0,1,1,1,0,NA,NA,NA,NA,NA,5,14079.1612738439,175110126.136493,8.27685811437228,NA,57.546,95.8677062988281,10.405,28.66,3.545,1,2.016,0.547,0,0,0,NA,NA,NA,NA,NA,NA,NA,NA,NA,NA,NA,NA,NA,NA,NA,NA,NA,NA,NA,NA,NA,NA
Sierra Leone-2002,Sierra Leone,2002,No,No,No,1,1,NA,NA,3.28,NA,2.418,NA,81.43,75.56,0,1,0,1,1,1,1,1,0,NA,0,5,0,3,8,440.561176150426,10413409.4634409,NA,NA,36.109,34.826789855957,3.702,23.5,3.295,1,1.606,0.498,0.4,0,0,0,0,2,2,0,0,1,0,0,0,0,0,1,2,0,2,1,NA,1,NA,NA,NA
Sierra Leone-2007,Sierra Leone,2007,No,No,No,1,1,NA,NA,2.651,NA,1.765,NA,76.31,72.06,0,1,1,1,1,1,1,1,0,NA,0,7,5,4,6,500.928234936043,95470171.3159828,11.6499744518106,NA,37.689,32.4261703491211,3.882,27.75,2.571,1,1.104,0.498,0.4,1,0,0,0,3,0,0,0,2,0,0,0,0,0,2,3,0,0,0.5,NA,0.5,NA,NA,NA
Sierra Leone-2012,Sierra Leone,2012,No,No,No,1,1,NA,NA,2.671,71.875,1.765,63.4375,91.05,88.25,0,0,0,1,1,1,1,1,0,NA,0,7,10,4,5,627.115941385395,722447405.067388,6.58835961632254,NA,39.642,32.4261703491211,3.99,26.35,2.562,1,1.104,0.498,0.4,1,0,1,0,1,2,0,0,3,0,0,0,0,0,3,2,0,2,-0.33333333333333337,NA,-0.6666666666666667,NA,NA,NA
Sierra Leone-2018,Sierra Leone,2018,NA,NA,NA,1,1,NA,6.6666665,2.864,66.666664,1.821,40.104168,84.2,81.5,0,1,0,1,1,1,1,1,1,1,0,7,16,4,6,630.482455396876,250446053.545995,16.0327898535814,35.7,42.055,43.2063293457031,3.99,29.98,2.638,1,1.104,0.498,0.4,1,0,6,0,30,7,13,0,30,0,0,0,2,0,43,36,0,7,-0.16279069767441856,NA,0,-0.5384615384615384,NA,NA
Somalia-2009,Somalia,2009,Yes,No,No,NA,NA,NA,NA,NA,NA,NA,NA,NA,NA,NA,NA,NA,NA,NA,NA,NA,NA,NA,NA,3,0,0,NA,14,NA,108000000,NA,NA,37.645,5.40465021133423,NA,66,NA,NA,NA,NA,NA,NA,NA,NA,NA,NA,NA,NA,NA,NA,NA,NA,NA,NA,NA,NA,NA,NA,NA,NA,NA,NA,NA,NA,NA
Somalia-2017,Somalia,2017,NA,NA,NA,1,0,NA,NA,1.33,NA,0.431,NA,NA,NA,NA,NA,NA,NA,NA,NA,NA,NA,NA,NA,1,5,5,0,14,406.427231255181,369000000,NA,36.8,44.391,5.40465021133423,1.636,65.95,2.359,NA,-0.82,-0.894,0.375,0,0,NA,NA,NA,NA,NA,NA,NA,NA,NA,NA,NA,NA,NA,NA,NA,NA,NA,NA,NA,NA,NA,NA
South Africa-2004,South Africa,2004,No,Yes,No,0,1,NA,NA,3.797,NA,3.554,NA,76.73,56.77,1,0,0,1,0,1,1,1,0,NA,0,9,10,4,3,5373.80695103202,701422007.629779,-0.692030271024119,NA,58.993,88.7172470092773,7.616,6.5,2.853,1,-0.655,0.845,0.75,0,1,13,0,9,2,14,0,18,18,1,0,1,1,32,22,18,2,-0.3125,-0.8888888888888888,-0.5,-0.0714285714285714,-0.8888888888888888,NA
South Africa-2009,South Africa,2009,No,Yes,No,0,1,NA,NA,3.766,NA,3.554,NA,77.3,56.57,1,0,0,1,0,1,1,1,0,NA,0,9,15,4,4,5992.02728259253,7624489973.88189,7.21531413612565,NA,61.687,92.8948593139648,7.836,12,2.625,1,-0.655,0.845,0.556,0,1,38,0,57,9,54,0,41,11,0,0,1,0,95,95,11,9,0,-0.18181818181818177,0.3902439024390243,-0.2962962962962963,-0.18181818181818177,NA
South Africa-2014,South Africa,2014,NA,NA,NA,0,1,6.44568,7.5,3.708,70.703125,3.42,72.91016,73.48,53.77,0,0,1,1,1,1,1,1,1,1,0,9,20,4,4,6273.56631828484,5791659020.09998,6.12983770287145,63,64.312,94.1399002075195,7.88,22.06,2.623,1,-0.655,0.845,0.556,0,1,122,0,174,40,95,0,124,32,12,0,14,5,219,296,32,40,0.35159817351598166,0.25,0.403225806451613,0.28421052631578947,0.25,NA
South Africa-2019,South Africa,2019,NA,NA,NA,0,1,NA,NA,3.382,NA,3.407,NA,66.05,47.28,0,0,0,1,0,1,1,1,0,NA,NA,NA,NA,NA,4,6125.73532475494,5116098443.48715,4.12024587014984,NA,66.856,95.0229721069336,7.88,22.19,2.865,1,-0.375,0.845,0.571,0,1,NA,NA,NA,NA,NA,NA,NA,NA,NA,NA,NA,NA,NA,NA,NA,NA,NA,NA,NA,NA,NA,NA
Sudan-2000,Sudan,2000,No,No,No,NA,NA,NA,NA,NA,NA,NA,NA,NA,NA,1,1,1,1,0,1,1,1,0,NA,2,-6,1,2,14,1123.55273055958,392200000,7.12125897172304,NA,32.495,61.3458709716797,NA,NA,NA,NA,NA,NA,NA,NA,NA,11,0,34,874,2,0,45,300,0,0,0,0,47,45,300,874,-0.04255319148936165,1.9133333333333336,-0.24444444444444446,4.5,1.9133333333333336,NA
Sudan-2010,Sudan,2010,No,No,No,1,1,NA,NA,1.476,NA,0.801,NA,72,64.11,1,1,1,1,1,1,1,1,1,1,0,-2,5,3,14,1344.17128830365,2063730997.66213,12.9776663898014,NA,33.089,60.6971817016602,NA,NA,1.288,1,-1.694,-1.396,0.2,0,0,1,0,93,605,5,0,60,435,0,0,0,0,65,94,435,605,0.4461538461538461,0.3908045977011494,0.55,-0.8,0.3908045977011494,NA
Sudan-2015,Sudan,2015,NA,NA,NA,1,1,NA,3.6666667,1.888,42.875,1.468,58.8125,46.4,30.97,0,1,1,1,0,1,1,1,1,1,NA,NA,NA,NA,14,1329.63596169544,1728373403.43067,16.9095706050979,NA,33.894,60.6971817016602,NA,72.53,2.004,1,-1.694,-1.396,0.2,0,0,42,0,347,1054,47,0,406,1299,1,0,4,3,453,389,1299,1054,-0.14128035320088306,-0.18860662047729027,-0.14532019704433496,-0.1063829787234043,-0.18860662047729027,NA
Swaziland-2003,Swaziland,2003,No,Yes,No,0,1,NA,NA,0.897,NA,0.7,NA,NA,NA,0,0,0,1,0,1,0,1,0,NA,0,-7,11,2,NA,NA,NA,NA,NA,NA,NA,7.274,31,3.338,1,0.033,0.94,0.25,0,0,0,0,0,0,3,0,6,3,0,0,0,0,9,0,3,0,-1,-1,-1,-1,-1,NA
Swaziland-2008,Swaziland,2008,No,Yes,No,0,1,NA,NA,1.078,NA,1.297,NA,NA,NA,0,1,0,1,1,1,0,1,1,1,0,-9,35,1,NA,NA,NA,NA,NA,NA,NA,7.664,52.5,3.381,1,0.033,0.94,0.2,0,0,0,0,2,4,4,0,14,0,0,0,0,0,18,2,0,4,-0.8888888888888888,NA,-0.8571428571428572,-1,NA,NA
Swaziland-2013,Swaziland,2013,NA,NA,NA,0,1,NA,4.571429,1.157,49.107143,1.817,55.714287,NA,NA,0,0,1,1,1,1,0,1,0,NA,0,-9,40,1,NA,NA,NA,NA,NA,NA,NA,7.82,46.76,3.442,1,0.033,0.94,0.2,0,0,NA,NA,NA,NA,NA,NA,NA,NA,NA,NA,NA,NA,NA,NA,NA,NA,NA,NA,NA,NA,NA,NA
Swaziland-2018,Swaziland,2018,NA,NA,NA,0,1,NA,3,1.253,38.4375,2.13,44.179688,28.84,NA,0,0,1,1,0,0,0,1,1,1,0,-9,45,1,NA,NA,NA,NA,NA,NA,NA,7.82,51.46,3.177,1,0.033,0.94,0.2,0,0,NA,NA,NA,NA,NA,NA,NA,NA,NA,NA,NA,NA,NA,NA,NA,NA,NA,NA,NA,NA,NA,NA
Tanzania-2000,Tanzania,2000,No,No,No,NA,NA,NA,NA,NA,NA,NA,NA,NA,NA,0,0,1,1,1,1,1,1,1,1,0,-1,5,2,8,567.540161550143,463400858.7823,5.92396109637476,37.3,22.309,69.4309005737305,NA,NA,NA,NA,NA,NA,NA,NA,NA,1,1,14,51,0,0,6,26,0,0,0,0,6,15,26,52,1.5,1,1.3333333333333335,NA,0.9615384615384615,NA
Tanzania-2005,Tanzania,2005,No,No,No,1,1,7.12407,NA,2.699,NA,2.278,NA,72.23,68.02,1,0,0,1,0,1,1,1,0,NA,0,-1,10,2,7,692.477082632589,935520591.71,5.03457009267161,NA,24.845,67.8006973266602,3.523,19.82,2.047,1,1.36,-0.232,0,0,0,1,0,2,6,3,0,39,10,0,0,0,0,42,3,10,6,-0.9285714285714286,-0.4,-0.9487179487179487,-0.6666666666666667,-0.4,NA
Tanzania-2010,Tanzania,2010,No,No,No,1,1,NA,NA,2.719,NA,2.35,NA,42.84,40.71,1,0,0,1,1,1,1,1,0,NA,0,-1,15,2,6,808.140499593948,1813200000,6.20015595647402,NA,28.114,67.8006973266602,3.645,NA,2.331,1,1.375,-0.232,0,0,0,0,0,7,4,0,0,0,0,0,0,0,0,0,7,0,4,NA,NA,NA,NA,NA,NA
Tanzania-2015,Tanzania,2015,NA,NA,NA,1,1,NA,5.357143,2.273,45.80357,2.35,39.732143,67.3,62.4,1,0,0,1,1,1,1,1,1,0,0,3,0,3,7,947.933351658407,1506024896.011,5.58816952959301,NA,31.617,77.8872299194336,3.645,28.65,2.135,1,1.339,-0.383,0,0,0,3,0,11,0,3,0,10,4,0,0,3,0,13,14,4,0,0.07692307692307687,-1,0.10000000000000009,0,-1,NA
Tanzania-2020,Tanzania,2020,NA,NA,NA,1,1,NA,NA,1.531,NA,2.511,NA,50.72,51.19,0,0,1,1,0,1,1,1,1,1,NA,NA,NA,NA,10,1061.17034573431,684887679.37722,3.29029062798326,NA,35.227,77.8872299194336,3.645,40.25,1.464,0,1.339,-0.383,0,0,0,NA,NA,NA,NA,NA,NA,NA,NA,NA,NA,NA,NA,NA,NA,NA,NA,NA,NA,NA,NA,NA,NA
Togo-2002,Togo,2002,No,Yes,No,0,1,NA,NA,1.265,NA,0.703,NA,67.43,82.29,0,1,0,1,1,1,1,1,0,NA,0,-2,9,3,11,501.406487400046,57806307.3736271,3.05981857535875,NA,33.809,56.888370513916,4.269,27.5,1.744,1,1.122,-0.343,0.5,0,1,0,0,1,0,0,0,0,0,0,0,0,0,0,1,0,0,NA,NA,NA,NA,NA,NA
Togo-2003,Togo,2003,Yes,No,No,1,0,NA,NA,1.168,NA,0.94,NA,71.99,96.46,0,1,1,1,1,1,1,1,0,NA,0,-2,10,3,11,521.691865154924,45773612.3700359,-0.930000884072223,NA,34.265,56.888370513916,4.349,19.5,1.641,1,1.122,-0.343,0.5,0,1,0,0,1,0,0,0,1,0,0,0,0,0,1,1,0,0,0,NA,0,NA,NA,NA
Togo-2005,Togo,2005,Yes,No,No,1,0,NA,NA,1.343,NA,0.891,NA,63.58,88.36,1,0,1,1,1,1,1,1,0,NA,0,-4,12,3,11,467.818848098423,96003598.2087157,6.78292893028311,NA,35.185,56.888370513916,4.509,15,0.044,1,1.272,-0.343,0.571,0,1,0,0,5,50,6,0,13,34,0,0,1,10,19,5,34,50,-0.736842105263158,0.47058823529411775,-0.6153846153846154,-1,0.47058823529411775,NA
Togo-2007,Togo,2007,No,Yes,No,0,1,NA,NA,2.858,NA,1.058,NA,84.92,90.97,0,0,0,1,1,1,1,1,0,NA,0,-4,14,3,10,449.826918078448,62406802.6278744,0.945673271705163,NA,36.116,57.0933799743652,4.668,10,2.158,1,1.272,-0.122,0.571,0,0,0,0,0,0,0,0,0,0,1,0,0,0,0,0,0,0,NA,NA,NA,NA,NA,NA
Togo-2010,Togo,2010,Yes,No,No,1,0,NA,NA,2.218,NA,1.181,NA,64.68,65.79,0,0,0,1,1,0,0,0,1,1,0,-2,17,3,9,483.236099457967,125064101.838993,1.44594517430865,NA,37.533,60.4099388122559,4.907,NA,1.306,1,1.272,-0.122,0.571,0,0,7,0,6,0,0,0,0,0,0,0,0,0,0,13,0,0,NA,NA,NA,NA,NA,NA
Togo-2013,Togo,2013,NA,NA,NA,0,1,NA,3.5,2.358,47.578125,1.581,39.84375,66.06,57.72,1,0,1,1,0,1,1,1,1,1,0,-2,20,3,8,536.729025460705,183599248.958183,1.82539475909161,NA,39.061,63.7456207275391,4.907,29,2.547,1,1.272,-0.122,0.571,0,0,0,0,1,0,5,0,6,0,1,0,0,0,11,1,0,0,-0.9090909090909091,NA,-0.8333333333333334,-1,NA,NA
Togo-2015,Togo,2015,NA,NA,NA,1,0,NA,2.3333333,2.351,32.083332,1.523,32.864582,60.94,53.21,1,0,1,1,1,1,1,1,0,NA,0,-2,22,3,8,570.909967175308,257860036.464441,2.5839052698704,43.1,40.1,63.7456207275391,4.907,30.31,2.705,1,1.272,0.002,0.571,0,0,2,0,0,0,5,0,4,0,0,0,0,0,9,2,0,0,-0.7777777777777778,NA,-1,-0.6,NA,NA
Togo-2018,Togo,2018,NA,NA,NA,0,1,NA,NA,2.01,NA,1.351,NA,59.25,42.66,NA,NA,1,1,0,1,1,1,NA,NA,0,-2,25,3,9,612.785751009321,-180972714.795729,0.928170503538593,42.4,41.702,66.5370788574219,4.907,30.23,2.232,1,1.272,0.002,0.571,0,0,0,0,0,0,9,0,8,4,0,0,0,0,17,0,4,0,-1,-1,-1,-1,-1,NA
Togo-2020,Togo,2020,NA,NA,NA,1,0,NA,NA,2.197,NA,1.595,NA,92.28,74.27,0,0,1,1,0,1,1,1,0,NA,NA,NA,NA,NA,9,626.622055444436,639483236.5,1.82754038520035,NA,42.8,66.5370788574219,4.907,29.33,2.277,1,0.719,-0.078,0.5,0,0,NA,NA,NA,NA,NA,NA,NA,NA,NA,NA,NA,NA,NA,NA,NA,NA,NA,NA,NA,NA,NA,NA
Tunisia-2004,Tunisia,2004,No,No,No,1,1,NA,NA,0.673,NA,1.797,NA,91.52,68,1,0,1,0,NA,1,1,1,0,NA,0,-4,11,3,11,3264.97810478798,592147521.67862,3.63228004956626,NA,64.95,74.2969970703125,5.741,57.5,3.579,0,0.981,-0.318,0,0,0,0,0,1,0,1,0,0,0,0,0,0,0,1,1,0,0,0,NA,NA,-1,NA,NA
Tunisia-2005,Tunisia,2005,No,Yes,No,NA,NA,NA,NA,NA,NA,NA,NA,NA,NA,NA,NA,NA,NA,NA,NA,NA,NA,NA,NA,0,-4,18,3,11,3350.56372632122,712714847.262546,2.01778641357149,37.7,65.237,77.1903991699219,NA,53.75,NA,NA,NA,NA,NA,NA,NA,NA,NA,NA,NA,NA,NA,NA,NA,NA,NA,NA,NA,NA,NA,NA,NA,NA,NA,NA,NA,NA,NA
Tunisia-2009,Tunisia,2009,No,No,No,1,1,NA,NA,0.317,NA,1.797,NA,89.45,64.84,1,0,1,1,0,1,1,1,0,NA,0,-4,22,3,12,3880.84655641136,1525244857.52902,3.66490330642925,NA,66.376,79.1305770874023,6.232,72.5,3.546,1,0.981,-0.318,0,0,0,NA,NA,NA,NA,NA,NA,NA,NA,NA,NA,NA,NA,NA,NA,NA,NA,NA,NA,NA,NA,NA,NA
Tunisia-2011,Tunisia,2011,NA,NA,NA,0,1,6.14681,NA,3.36,NA,3.422,NA,92.24,53.9,0,0,1,1,1,1,1,1,1,0,0,4,0,NA,7,3870.75792032612,432666011.578487,3.24002842009523,NA,66.938,79.6539077758789,6.331,NA,3.778,1,1.105,0.949,0,0,0,115,0,36,1,23,0,44,9,0,0,0,0,67,151,9,1,1.2537313432835822,-0.8888888888888888,-0.18181818181818177,4,-0.8888888888888888,NA
Tunisia-2014,Tunisia,2014,NA,NA,NA,1,1,6.14479,7.6923075,3.455,70.50481,3.679,80.60096,67.43,45.39,0,0,0,0,NA,1,1,1,0,NA,0,7,0,4,4,4097.07321474911,1024754443.57724,4.62555099534024,NA,67.772,79.0364303588867,6.331,38.68,3.728,1,1.105,0.949,0,0,0,72,0,71,40,50,0,60,39,1,0,0,0,110,143,39,40,0.30000000000000004,0.02564102564102555,0.18333333333333335,0.43999999999999995,0.02564102564102555,NA
Tunisia-2019,Tunisia,2019,NA,NA,NA,1,1,NA,NA,3.337,NA,3.689,NA,55.02,47.35,0,0,0,1,1,1,1,1,0,NA,NA,NA,NA,NA,5,4206.95402530806,810173457.680643,6.72007532863804,NA,69.254,79.0364303588867,6.331,29.61,3.896,1,1.105,0.949,NA,0,0,NA,NA,NA,NA,NA,NA,NA,NA,NA,NA,NA,NA,NA,NA,NA,NA,NA,NA,NA,NA,NA,NA
Uganda-2001,Uganda,2001,Yes,Yes,Yes,1,1,NA,NA,1.201,NA,1.852,NA,70.31,74.23,1,0,1,1,1,1,NA,1,0,NA,0,-4,8,2,11,527.053884081125,151496150.651927,1.86512524084773,NA,15.201,68.1425094604492,3.451,17,1.925,1,-0.311,-0.275,0.143,0,1,10,0,55,64,9,0,23,126,0,0,1,0,32,65,126,64,1.03125,-0.4920634920634921,1.391304347826087,0.11111111111111116,-0.4920634920634921,NA
Uganda-2006,Uganda,2006,No,No,No,1,1,NA,NA,1.298,NA,1.601,NA,69.19,61.17,1,0,1,1,1,1,1,1,0,NA,0,-1,1,3,9,655.335154049684,644262499.946512,7.3106761356186,NA,17.425,71.3731384277344,4.056,28,2.187,1,-0.311,-0.167,0.25,0,1,2,0,87,252,4,0,59,195,0,0,1,1,63,89,195,252,0.4126984126984128,0.2923076923076924,0.47457627118644075,-0.5,0.2923076923076924,NA
Uganda-2011,Uganda,2011,No,No,No,1,1,5.37875,NA,1.432,NA,1.429,NA,59.29,55.32,0,1,1,1,1,1,1,1,1,1,0,-1,6,3,9,813.535138797329,894293858,15.1251539449716,NA,19.898,70.1982192993164,4.54,NA,2.098,1,-0.311,0.206,0.25,0,1,6,0,81,21,5,0,13,3,1,0,8,0,18,87,3,21,3.833333333333333,6,5.230769230769231,0.19999999999999996,6,NA
Uganda-2016,Uganda,2016,NA,NA,NA,1,1,5.21612,3.4166667,1.084,40.625,1.193,41.145832,67.61,60.37,0,0,1,1,1,1,1,1,1,1,0,-1,11,3,11,855.897175930047,625704361.867068,5.44575878373994,42.8,22.624,76.5274963378906,4.54,NA,1.952,1,-0.311,0.206,0.25,0,1,24,0,69,43,16,0,40,9,0,0,3,1,56,93,9,43,0.6607142857142858,3.7777777777777777,0.7250000000000001,0.5,3.7777777777777777,NA
Uganda-2021,Uganda,2021,NA,NA,NA,1,1,NA,NA,0.948,NA,2.084,NA,55.23,49.77,NA,NA,NA,NA,NA,NA,NA,NA,NA,NA,NA,NA,NA,NA,NA,NA,NA,NA,NA,NA,NA,4.54,41.19,1.516,1,-0.573,0.275,NA,0,0,NA,NA,NA,NA,NA,NA,NA,NA,NA,NA,NA,NA,NA,NA,NA,NA,NA,NA,NA,NA,NA,NA
Zambia-2001,Zambia,2001,No,No,No,1,1,NA,NA,2.367,NA,1.658,NA,67.81,35.08,1,0,1,1,1,1,1,1,1,1,0,5,0,3,9,793.804886959221,145000000,21.3937821792546,NA,35.002,69.1492233276367,5.985,26.8,1.98,1,0.734,0.303,0.25,0,0,1,0,0,0,0,0,5,0,0,0,0,0,5,1,0,0,-0.8,NA,-1,NA,NA,NA
Zambia-2006,Zambia,2006,No,No,No,1,1,NA,NA,2.653,NA,1.575,NA,70.77,55.75,1,0,0,1,1,1,1,1,1,1,0,5,5,3,7,965.065570673397,615790000,9.01957247226486,54.6,37.395,61.1270904541016,6.19,21.5,2.489,1,0.734,0.084,0.25,0,0,23,0,30,9,4,0,22,15,0,0,0,0,26,53,15,9,1.0384615384615383,-0.4,0.36363636363636354,4.75,-0.4,NA
Zambia-2008,Zambia,2008,Yes,No,No,1,0,3.87177,NA,2.743,NA,1.575,NA,45.43,34.18,1,0,0,1,1,1,1,1,1,1,0,7,7,4,6,1067.75523751517,938620000,12.4455793463192,NA,38.371,83.0076675415039,6.272,26.75,2.496,1,0.734,0.084,0.25,0,0,2,0,5,0,0,0,4,11,0,0,1,0,4,7,11,0,0.75,-1,0.25,NA,-1,NA
Zambia-2011,Zambia,2011,No,No,No,1,1,7.80222,NA,2.671,NA,1.674,NA,53.65,42.25,0,0,1,1,1,1,1,1,1,0,0,7,10,4,7,1244.13778662386,1108500000,6.42939681072336,NA,39.851,86.7479629516602,6.354,NA,2.484,1,0.734,0.084,0.5,0,0,2,0,7,10,2,0,8,0,0,0,2,0,10,9,0,10,-0.09999999999999998,NA,-0.125,0,NA,NA
Zambia-2012,Zambia,2012,No,No,No,NA,NA,NA,NA,NA,NA,NA,NA,NA,NA,NA,NA,NA,NA,NA,NA,NA,NA,NA,NA,0,7,11,4,7,1297.76259681946,1731500000,6.57589970757695,NA,40.354,86.7479629516602,NA,27.93,NA,NA,NA,NA,NA,NA,NA,NA,NA,NA,NA,NA,NA,NA,NA,NA,NA,NA,NA,NA,NA,NA,NA,NA,NA,NA,NA,NA,NA
Zambia-2015,Zambia,2015,NA,NA,NA,1,0,NA,5.7777777,2.263,49.6875,1.699,54.72222,32.36,24.17,0,0,0,1,1,1,1,1,0,NA,0,7,14,4,7,1338.29092708188,1582666666.66667,10.1105928909618,57.1,41.907,86.7479629516602,6.354,35.08,2.744,1,0.734,0.084,0.5,0,0,6,0,11,3,7,0,27,0,0,0,1,0,34,17,0,3,-0.5,NA,-0.5925925925925926,-0.1428571428571429,NA,NA
Zambia-2016,Zambia,2016,NA,NA,NA,1,1,5.3512,4.75,1.908,56.510418,1.57,32.8125,56.45,51.58,1,0,0,1,1,1,1,1,1,1,0,6,15,3,8,1347.74808611214,662813935.420472,17.8697300795268,NA,42.438,86.7479629516602,6.354,NA,2.189,1,0.984,-0.216,0.5,0,0,6,0,20,0,10,0,46,3,1,0,0,0,56,26,3,0,-0.5357142857142857,-1,-0.5652173913043479,-0.4,-1,NA
Zambia-2021,Zambia,2021,NA,NA,NA,1,1,NA,NA,2.777,NA,1.565,NA,70.61,52.37,NA,NA,NA,NA,NA,NA,NA,NA,NA,NA,NA,NA,NA,NA,NA,NA,NA,NA,NA,NA,NA,6.354,38.21,0.952,1,-0.229,-0.14,NA,0,0,NA,NA,NA,NA,NA,NA,NA,NA,NA,NA,NA,NA,NA,NA,NA,NA,NA,NA,NA,NA,NA,NA
Zimbabwe-2000,Zimbabwe,2000,No,Yes,No,NA,NA,NA,NA,NA,NA,NA,NA,NA,NA,0,0,1,1,1,1,1,1,1,1,0,-3,1,3,11,1696.75326246938,23199999.9,NA,NA,33.758,83.5827102661133,NA,NA,NA,NA,NA,NA,NA,NA,NA,0,0,17,18,37,0,231,21,0,0,1,0,268,17,21,18,-0.9365671641791045,-0.1428571428571429,-0.9264069264069263,-1,-0.1428571428571429,NA
Zimbabwe-2002,Zimbabwe,2002,Yes,No,No,1,0,NA,NA,0.683,NA,1.885,NA,54.33,54.25,0,1,1,1,1,1,1,1,1,1,0,-4,3,3,12,1558.54688597736,25899999.9,NA,NA,34.585,83.5827102661133,7.395,45.5,1.503,1,-0.422,-0.784,0,0,0,11,0,164,18,42,0,423,37,0,0,6,0,465,175,37,18,-0.6236559139784946,-0.5135135135135135,-0.6122931442080378,-0.7380952380952381,-0.5135135135135135,NA
Zimbabwe-2005,Zimbabwe,2005,No,Yes,No,0,1,3.08357,NA,0.788,NA,0.684,NA,47.66,48.66,0,0,0,1,0,1,1,1,0,NA,0,-4,6,3,13,1137.30318034404,102800000,NA,NA,34.11,83.5827102661133,7.591,50,1.579,1,-0.422,-0.784,0,0,0,6,0,107,4,8,0,100,4,1,0,4,0,108,113,4,4,0.04629629629629628,0,0.07000000000000006,-0.25,0,NA
Zimbabwe-2008,Zimbabwe,2008,No,No,No,1,1,4.10111,NA,0.361,NA,1.032,NA,42.8,47.69,0,1,1,1,0,1,1,1,0,NA,0,-4,9,3,13,849.611584122708,51600000,NA,NA,33.56,83.5827102661133,7.787,46.5,0.357,1,-0.422,-0.784,0,0,0,19,0,364,95,13,0,88,8,3,0,3,0,101,383,8,95,2.792079207920792,10.875,3.1363636363636367,0.46153846153846145,10.875,NA
Zimbabwe-2013,Zimbabwe,2013,NA,NA,NA,1,1,NA,3.6923077,1.911,32.403847,1.556,49.423077,54.38,61.09,1,0,1,1,0,1,1,1,0,NA,0,4,0,3,11,1435.06266340408,373050000,1.63495041543823,NA,32.654,88.6934204101563,7.918,39.19,2.353,1,-0.422,-0.784,0,0,0,7,0,12,0,15,0,23,2,3,0,2,0,38,19,2,0,-0.5,-1,-0.4782608695652174,-0.5333333333333333,-1,NA
Zimbabwe-2018,Zimbabwe,2018,NA,NA,NA,1,1,NA,4.1,1.136,42.5,0.908,33.65625,85.16,63.4,0,1,1,1,1,1,1,1,1,1,0,4,5,3,10,1529.0263737276,717865322.24885,10.6188658669575,NA,32.209,88.6934204101563,7.918,40.53,2.446,1,-0.422,-0.784,0,0,0,22,0,53,14,17,0,95,6,0,0,0,0,112,75,6,14,-0.3303571428571429,1.3333333333333335,-0.4421052631578948,0.2941176470588236,1.3333333333333335,NA
